jy,jx,jz
16,5,3
11,10,3
13,5,3
13,13,3
12,14,3
15,6,3
8,5,3
14,11,3
8,13,3
7,12,3
7,9,3
16,10,3
10,7,3
11,3,3
13,10,3
8,10,3
12,12,3
12,9,3
10,15,3
14,6,3
9,8,3
13,3,3
8,3,3
11,11,3
9,5,3
9,13,3
7,7,3
4,8,3
16,11,3
13,11,3
9,10,3
15,4,3
8,11,3
11,6,3
12,7,3
6,8,3
12,15,3
4,10,3
9,3,3
6,5,3
16,6,3
6,13,3
13,6,3
5,12,3
14,4,3
8,6,3
5,9,3
10,8,3
6,10,3
10,5,3
9,11,3
10,13,3
15,12,3
15,9,3
14,14,3
10,10,3
4,11,3
11,4,3
9,6,3
5,7,3
7,8,3
14,12,3
7,5,3
7,13,3
10,3,3
14,9,3
6,11,3
13,4,3
12,8,3
8,4,3
12,5,3
12,13,3
11,14,3
15,7,3
7,10,3
17,9,3
10,11,3
6,6,3
12,10,3
11,12,3
13,14,3
8,14,3
11,9,3
14,7,3
11,2,3
9,4,3
10,6,3
16,12,3
12,3,3
13,12,3
17,7,3
16,9,3
8,12,3
7,11,3
13,9,3
8,9,3
5,8,3
12,11,3
9,14,3
11,7,3
5,13,3
7,6,3
6,4,3
11,15,3
16,7,3
15,8,3
5,10,3
9,12,3
13,7,3
12,6,3
8,7,3
9,9,3
15,5,3
15,13,3
10,4,3
8,15,3
4,9,3
14,8,3
15,10,3
14,5,3
14,13,3
6,12,3
17,8,3
10,14,3
5,11,3
6,9,3
9,7,3
7,4,3
14,10,3
9,15,3
10,12,3
12,4,3
11,8,3
17,10,3
10,9,3
5,6,3
15,11,3
14,3,3
11,5,3
11,13,3
7,14,3
16,8,3
13,8,3
6,7,3
8,8,3
13,8,4
6,7,4
8,8,4
16,5,4
16,13,4
11,10,4
13,5,4
13,13,4
12,14,4
15,6,4
8,5,4
14,11,4
8,13,4
6,15,4
3,10,4
7,12,4
7,9,4
16,10,4
10,7,4
11,3,4
17,11,4
13,10,4
8,10,4
12,12,4
12,9,4
10,15,4
14,6,4
12,2,4
16,3,4
9,8,4
5,4,4
13,3,4
8,3,4
11,11,4
17,6,4
9,5,4
9,13,4
3,11,4
7,7,4
18,9,4
4,8,4
9,16,4
16,11,4
13,11,4
9,10,4
15,4,4
7,15,4
4,13,4
8,11,4
11,1,4
11,6,4
12,7,4
5,14,4
6,8,4
12,15,4
4,10,4
9,3,4
6,5,4
16,6,4
6,13,4
13,6,4
5,12,4
14,4,4
8,6,4
5,9,4
18,7,4
15,14,4
10,8,4
6,10,4
10,5,4
9,11,4
10,13,4
15,12,4
10,16,4
15,9,4
14,14,4
6,3,4
10,10,4
4,11,4
11,4,4
9,6,4
5,7,4
7,8,4
14,12,4
7,5,4
7,13,4
10,3,4
16,4,4
14,9,4
6,11,4
14,2,4
13,4,4
12,8,4
4,6,4
8,4,4
17,12,4
12,5,4
12,13,4
11,14,4
15,7,4
7,10,4
17,9,4
10,11,4
6,6,4
12,10,4
16,14,4
18,8,4
11,12,4
13,14,4
7,3,4
8,14,4
11,9,4
14,7,4
11,2,4
9,4,4
10,6,4
16,12,4
12,3,4
14,15,4
13,12,4
17,7,4
16,9,4
8,12,4
18,10,4
7,11,4
13,9,4
13,2,4
8,9,4
8,2,4
5,8,4
12,11,4
5,5,4
9,14,4
11,7,4
5,13,4
7,6,4
6,4,4
11,15,4
16,7,4
15,8,4
5,10,4
9,12,4
12,1,4
13,7,4
12,6,4
8,7,4
9,9,4
15,5,4
9,2,4
15,13,4
10,4,4
13,15,4
8,15,4
4,12,4
6,14,4
4,9,4
14,8,4
15,10,4
14,5,4
14,13,4
6,12,4
17,8,4
10,14,4
5,11,4
6,9,4
15,3,4
9,7,4
17,5,4
7,4,4
17,13,4
14,10,4
9,15,4
10,12,4
12,4,4
11,8,4
4,7,4
17,10,4
10,9,4
5,6,4
15,11,4
10,2,4
14,3,4
11,5,4
11,13,4
7,14,4
16,8,4
5,8,5
12,11,5
5,5,5
9,14,5
11,7,5
5,13,5
7,6,5
6,4,5
11,15,5
16,7,5
15,8,5
5,10,5
9,12,5
13,7,5
12,6,5
18,11,5
8,7,5
9,9,5
15,5,5
9,2,5
15,13,5
10,4,5
13,15,5
8,15,5
4,12,5
6,14,5
4,9,5
14,8,5
15,10,5
14,5,5
14,13,5
6,12,5
17,8,5
10,14,5
5,11,5
6,9,5
15,3,5
9,7,5
17,5,5
7,4,5
17,13,5
14,10,5
9,15,5
10,12,5
12,4,5
11,8,5
4,7,5
17,10,5
10,9,5
5,6,5
15,11,5
10,2,5
14,3,5
11,5,5
3,8,5
11,13,5
7,14,5
16,8,5
13,8,5
6,7,5
8,8,5
16,5,5
16,13,5
11,10,5
13,5,5
13,13,5
12,14,5
15,6,5
8,5,5
14,11,5
8,13,5
6,15,5
3,10,5
7,12,5
7,9,5
16,10,5
10,7,5
11,3,5
17,11,5
13,10,5
8,10,5
12,12,5
12,9,5
10,15,5
14,6,5
12,2,5
16,3,5
9,8,5
5,4,5
13,3,5
8,3,5
11,11,5
17,6,5
9,5,5
9,13,5
18,12,5
3,11,5
7,7,5
18,9,5
4,8,5
9,16,5
16,11,5
4,5,5
13,11,5
9,10,5
15,4,5
7,15,5
4,13,5
8,11,5
11,6,5
12,7,5
5,14,5
6,8,5
12,15,5
4,10,5
9,3,5
6,5,5
16,6,5
6,13,5
13,6,5
5,12,5
14,4,5
8,6,5
5,9,5
18,7,5
15,14,5
10,8,5
6,10,5
10,5,5
9,11,5
10,13,5
15,12,5
10,16,5
15,9,5
14,14,5
6,3,5
10,10,5
4,11,5
11,4,5
9,6,5
5,7,5
7,8,5
14,12,5
7,5,5
7,13,5
10,3,5
16,4,5
14,9,5
6,11,5
14,2,5
13,4,5
12,8,5
4,6,5
8,4,5
17,12,5
12,5,5
12,13,5
11,14,5
15,7,5
7,10,5
17,9,5
10,11,5
6,6,5
15,15,5
12,10,5
16,14,5
18,8,5
11,12,5
13,14,5
7,3,5
8,14,5
11,9,5
14,7,5
11,2,5
9,4,5
3,9,5
10,6,5
16,12,5
12,3,5
14,15,5
13,12,5
17,7,5
16,9,5
8,12,5
18,10,5
7,11,5
13,9,5
13,2,5
8,9,5
8,2,5
7,13,6
10,3,6
16,4,6
14,9,6
6,11,6
14,2,6
13,4,6
12,8,6
4,6,6
8,4,6
17,12,6
12,5,6
12,13,6
11,14,6
15,7,6
7,10,6
17,9,6
10,11,6
6,6,6
12,10,6
16,14,6
11,12,6
13,14,6
7,3,6
8,14,6
11,9,6
14,7,6
18,13,6
11,2,6
9,4,6
3,9,6
10,6,6
16,12,6
12,3,6
14,15,6
13,12,6
17,7,6
16,9,6
8,12,6
18,10,6
7,11,6
13,9,6
13,2,6
8,9,6
8,2,6
5,8,6
12,11,6
5,5,6
9,14,6
11,7,6
5,13,6
7,6,6
6,4,6
3,7,6
11,15,6
16,7,6
15,8,6
5,10,6
9,12,6
13,7,6
12,6,6
18,11,6
8,7,6
9,9,6
15,5,6
9,2,6
15,13,6
10,4,6
13,15,6
8,15,6
4,12,6
6,14,6
4,9,6
14,8,6
15,10,6
14,5,6
14,13,6
6,12,6
17,8,6
10,14,6
5,11,6
6,9,6
15,3,6
9,7,6
7,4,6
17,13,6
14,10,6
9,15,6
10,12,6
12,4,6
11,8,6
4,7,6
17,10,6
10,9,6
5,6,6
15,11,6
10,2,6
14,3,6
11,5,6
3,8,6
11,13,6
7,14,6
16,8,6
13,8,6
6,7,6
8,8,6
16,5,6
16,13,6
11,10,6
13,5,6
13,13,6
12,14,6
15,6,6
8,5,6
14,11,6
8,13,6
6,15,6
3,10,6
7,12,6
7,9,6
16,10,6
10,7,6
11,3,6
17,11,6
13,10,6
8,10,6
12,12,6
12,9,6
10,15,6
14,6,6
12,2,6
16,3,6
9,8,6
5,4,6
13,3,6
8,3,6
11,11,6
17,6,6
9,5,6
9,13,6
18,12,6
3,11,6
7,7,6
18,9,6
4,8,6
9,16,6
16,11,6
4,5,6
13,11,6
9,10,6
15,4,6
7,15,6
4,13,6
8,11,6
11,6,6
12,7,6
5,14,6
6,8,6
12,15,6
4,10,6
9,3,6
6,5,6
16,6,6
6,13,6
13,6,6
5,12,6
14,4,6
8,6,6
5,9,6
15,14,6
10,8,6
6,10,6
10,5,6
9,11,6
10,13,6
15,12,6
10,16,6
15,9,6
14,14,6
6,3,6
10,10,6
4,11,6
11,4,6
9,6,6
5,7,6
7,8,6
17,14,6
14,12,6
7,5,6
6,12,7
17,8,7
10,14,7
5,11,7
6,9,7
15,3,7
9,7,7
7,4,7
17,13,7
14,10,7
9,15,7
10,12,7
12,4,7
11,8,7
4,7,7
17,10,7
10,9,7
5,6,7
15,11,7
10,2,7
14,3,7
11,5,7
3,8,7
11,13,7
7,14,7
16,8,7
13,8,7
6,7,7
8,8,7
16,5,7
16,13,7
11,10,7
13,5,7
13,13,7
12,14,7
15,6,7
8,5,7
14,11,7
8,13,7
6,15,7
3,10,7
7,12,7
7,9,7
16,10,7
10,7,7
11,3,7
17,11,7
13,10,7
8,10,7
12,12,7
12,9,7
10,15,7
14,6,7
12,2,7
16,3,7
9,8,7
5,4,7
13,3,7
8,3,7
11,11,7
9,5,7
9,13,7
18,12,7
3,11,7
7,7,7
18,9,7
4,8,7
9,16,7
16,11,7
4,5,7
13,11,7
9,10,7
15,4,7
7,15,7
4,13,7
8,11,7
11,1,7
11,6,7
12,7,7
5,14,7
6,8,7
12,15,7
4,10,7
9,3,7
6,5,7
16,6,7
6,13,7
13,6,7
5,12,7
14,4,7
8,6,7
5,9,7
15,14,7
10,8,7
6,10,7
10,5,7
9,11,7
10,13,7
15,12,7
10,16,7
15,9,7
14,14,7
6,3,7
10,10,7
4,11,7
11,4,7
9,6,7
5,7,7
7,8,7
14,12,7
7,5,7
7,13,7
10,3,7
16,4,7
14,9,7
6,11,7
14,2,7
13,4,7
12,8,7
4,6,7
8,4,7
17,12,7
12,5,7
12,13,7
11,14,7
15,7,7
7,10,7
17,9,7
10,11,7
6,6,7
12,10,7
16,14,7
11,12,7
13,14,7
7,3,7
8,14,7
11,9,7
14,7,7
11,2,7
9,4,7
3,9,7
10,6,7
16,12,7
12,3,7
14,15,7
13,12,7
17,7,7
16,9,7
8,12,7
18,10,7
7,11,7
13,9,7
13,2,7
8,9,7
8,2,7
5,8,7
12,11,7
5,5,7
9,14,7
11,7,7
5,13,7
7,6,7
6,4,7
11,15,7
16,7,7
15,8,7
5,10,7
9,12,7
12,1,7
13,7,7
12,6,7
18,11,7
8,7,7
9,9,7
15,5,7
9,2,7
15,13,7
10,4,7
13,15,7
8,15,7
4,12,7
6,14,7
4,9,7
14,8,7
15,10,7
14,5,7
14,13,7
3,9,8
10,6,8
16,12,8
12,3,8
14,15,8
13,12,8
17,7,8
16,9,8
8,12,8
7,11,8
13,9,8
13,2,8
8,9,8
8,2,8
5,8,8
12,11,8
5,5,8
9,14,8
11,7,8
5,13,8
7,6,8
6,4,8
3,7,8
11,15,8
16,7,8
15,8,8
5,10,8
9,12,8
13,7,8
12,6,8
8,7,8
9,9,8
15,5,8
9,2,8
15,13,8
10,4,8
13,15,8
8,15,8
4,12,8
6,14,8
4,9,8
14,8,8
15,10,8
14,5,8
14,13,8
6,12,8
17,8,8
10,14,8
5,11,8
6,9,8
15,3,8
9,7,8
7,4,8
17,13,8
14,10,8
9,15,8
10,12,8
12,4,8
11,8,8
4,7,8
17,10,8
10,9,8
5,6,8
15,11,8
10,2,8
14,3,8
11,5,8
3,8,8
11,13,8
7,14,8
16,8,8
13,8,8
6,7,8
8,8,8
16,5,8
16,13,8
11,10,8
13,5,8
13,13,8
12,14,8
15,6,8
8,5,8
14,11,8
8,13,8
3,10,8
7,12,8
7,9,8
16,10,8
10,7,8
11,3,8
17,11,8
13,10,8
8,10,8
12,12,8
12,9,8
10,15,8
14,6,8
12,2,8
16,3,8
9,8,8
5,4,8
13,3,8
8,3,8
11,11,8
17,6,8
9,5,8
9,13,8
3,11,8
7,7,8
4,8,8
16,11,8
4,5,8
13,11,8
9,10,8
15,4,8
7,15,8
4,13,8
8,11,8
11,6,8
12,7,8
5,14,8
6,8,8
12,15,8
4,10,8
9,3,8
6,5,8
16,6,8
6,13,8
13,6,8
5,12,8
14,4,8
8,6,8
5,9,8
15,14,8
10,8,8
6,10,8
10,5,8
9,11,8
10,13,8
15,12,8
15,9,8
14,14,8
6,3,8
15,2,8
10,10,8
4,11,8
11,4,8
9,6,8
5,7,8
7,8,8
14,12,8
7,5,8
7,13,8
10,3,8
16,4,8
14,9,8
6,11,8
14,2,8
13,4,8
12,8,8
4,6,8
8,4,8
17,12,8
12,5,8
12,13,8
11,14,8
15,7,8
7,10,8
17,9,8
10,11,8
6,6,8
12,10,8
16,14,8
11,12,8
13,14,8
7,3,8
8,14,8
11,9,8
14,7,8
11,2,8
9,4,8
7,10,9
17,9,9
10,11,9
6,6,9
12,10,9
11,12,9
13,14,9
7,3,9
8,14,9
11,9,9
14,7,9
11,2,9
9,4,9
3,9,9
10,6,9
16,12,9
12,3,9
14,15,9
13,12,9
17,7,9
16,9,9
8,12,9
7,11,9
13,9,9
13,2,9
8,9,9
8,2,9
5,8,9
12,11,9
5,5,9
9,14,9
11,7,9
5,13,9
7,6,9
6,4,9
3,7,9
11,15,9
16,7,9
15,8,9
5,10,9
9,12,9
13,7,9
12,6,9
8,7,9
9,9,9
15,5,9
9,2,9
15,13,9
10,4,9
13,15,9
8,15,9
4,12,9
4,9,9
14,8,9
15,10,9
14,5,9
14,13,9
6,12,9
17,8,9
10,14,9
5,11,9
6,9,9
15,3,9
9,7,9
7,4,9
17,13,9
14,10,9
9,15,9
10,12,9
12,4,9
11,8,9
4,7,9
17,10,9
10,9,9
5,6,9
15,11,9
10,2,9
14,3,9
11,5,9
3,8,9
11,13,9
7,14,9
16,8,9
11,16,9
13,8,9
6,7,9
8,8,9
16,5,9
16,13,9
11,10,9
13,5,9
13,13,9
12,14,9
15,6,9
8,5,9
14,11,9
8,13,9
3,10,9
7,12,9
7,9,9
16,10,9
10,7,9
11,3,9
17,11,9
13,10,9
8,10,9
12,12,9
12,9,9
10,15,9
14,6,9
12,2,9
16,3,9
9,8,9
5,4,9
13,3,9
8,3,9
11,11,9
17,6,9
9,5,9
9,13,9
3,11,9
7,7,9
4,8,9
16,11,9
4,5,9
13,11,9
9,10,9
15,4,9
7,15,9
8,11,9
11,6,9
12,7,9
6,8,9
12,15,9
4,10,9
9,3,9
6,5,9
16,6,9
6,13,9
13,6,9
5,12,9
14,4,9
8,6,9
5,9,9
15,14,9
10,8,9
6,10,9
10,5,9
9,11,9
10,13,9
15,12,9
10,16,9
15,9,9
14,14,9
6,3,9
10,10,9
4,11,9
11,4,9
9,6,9
5,7,9
7,8,9
14,12,9
7,5,9
7,13,9
10,3,9
16,4,9
14,9,9
6,11,9
14,2,9
13,4,9
12,8,9
4,6,9
8,4,9
17,12,9
12,5,9
12,13,9
11,14,9
15,7,9
14,5,10
14,13,10
6,12,10
17,8,10
10,14,10
5,11,10
6,9,10
15,3,10
9,7,10
7,4,10
17,13,10
14,10,10
9,15,10
10,12,10
12,4,10
11,8,10
4,7,10
17,10,10
10,9,10
5,6,10
15,11,10
10,2,10
14,3,10
11,5,10
11,13,10
7,14,10
16,8,10
13,8,10
6,7,10
8,8,10
16,5,10
16,13,10
11,10,10
13,5,10
13,13,10
12,14,10
15,6,10
8,5,10
14,11,10
8,13,10
3,10,10
7,12,10
7,9,10
16,10,10
10,7,10
11,3,10
17,11,10
13,10,10
8,10,10
12,12,10
12,9,10
10,15,10
14,6,10
12,2,10
9,8,10
5,4,10
13,3,10
8,3,10
11,11,10
9,5,10
9,13,10
7,7,10
4,8,10
16,11,10
4,5,10
13,11,10
9,10,10
15,4,10
8,11,10
11,6,10
12,7,10
6,8,10
12,15,10
4,10,10
9,3,10
6,5,10
16,6,10
6,13,10
13,6,10
5,12,10
14,4,10
8,6,10
5,9,10
15,14,10
10,8,10
6,10,10
10,5,10
9,11,10
10,13,10
15,12,10
15,9,10
14,14,10
6,3,10
15,2,10
10,10,10
4,11,10
11,4,10
9,6,10
5,7,10
7,8,10
17,14,10
14,12,10
7,5,10
7,13,10
10,3,10
16,4,10
14,9,10
6,11,10
14,2,10
13,4,10
12,8,10
4,6,10
8,4,10
17,12,10
12,5,10
12,13,10
11,14,10
15,7,10
7,10,10
17,9,10
10,11,10
6,6,10
15,15,10
12,10,10
16,14,10
11,12,10
13,14,10
7,3,10
8,14,10
11,9,10
14,7,10
11,2,10
9,4,10
3,9,10
10,6,10
16,12,10
12,3,10
14,15,10
13,12,10
17,7,10
16,9,10
8,12,10
7,11,10
13,9,10
13,2,10
8,9,10
8,2,10
5,8,10
12,11,10
5,5,10
9,14,10
11,7,10
5,13,10
7,6,10
6,4,10
11,15,10
16,7,10
15,8,10
5,10,10
9,12,10
13,7,10
12,6,10
8,7,10
9,9,10
15,5,10
9,2,10
15,13,10
10,4,10
13,15,10
8,15,10
6,14,10
4,9,10
14,8,10
15,10,10
6,8,11
12,15,11
4,10,11
9,3,11
6,5,11
16,6,11
6,13,11
13,6,11
5,12,11
14,4,11
8,6,11
5,9,11
15,14,11
10,8,11
6,10,11
10,5,11
9,11,11
10,13,11
15,12,11
10,16,11
15,9,11
14,14,11
6,3,11
15,2,11
10,10,11
4,11,11
11,4,11
9,6,11
5,7,11
7,8,11
17,14,11
14,12,11
7,5,11
7,13,11
10,3,11
16,4,11
14,9,11
6,11,11
14,2,11
13,4,11
12,8,11
4,6,11
8,4,11
17,12,11
12,5,11
12,13,11
11,14,11
15,7,11
7,10,11
17,9,11
10,11,11
12,16,11
6,6,11
15,15,11
12,10,11
16,14,11
11,12,11
13,14,11
7,3,11
8,14,11
11,9,11
14,7,11
11,2,11
9,4,11
3,9,11
10,6,11
16,12,11
12,3,11
14,15,11
13,12,11
17,7,11
16,9,11
8,12,11
7,11,11
13,9,11
13,2,11
8,9,11
8,2,11
5,8,11
12,11,11
5,5,11
9,14,11
11,7,11
5,13,11
7,6,11
6,4,11
3,7,11
11,15,11
16,7,11
15,8,11
5,10,11
9,12,11
13,7,11
12,6,11
8,7,11
9,9,11
15,5,11
9,2,11
15,13,11
10,4,11
13,15,11
8,15,11
4,12,11
6,14,11
4,9,11
14,8,11
15,10,11
14,5,11
14,13,11
6,12,11
17,8,11
10,14,11
5,11,11
6,9,11
15,3,11
9,7,11
7,4,11
17,13,11
14,10,11
9,15,11
10,12,11
12,4,11
11,8,11
4,7,11
17,10,11
10,9,11
5,6,11
15,11,11
10,2,11
14,3,11
11,5,11
3,8,11
11,13,11
7,14,11
16,8,11
11,16,11
13,8,11
6,7,11
8,8,11
16,5,11
16,13,11
11,10,11
13,5,11
13,13,11
12,14,11
15,6,11
8,5,11
14,11,11
8,13,11
3,10,11
7,12,11
7,9,11
16,10,11
10,7,11
11,3,11
17,11,11
13,10,11
8,10,11
12,12,11
12,9,11
10,15,11
14,6,11
12,2,11
16,3,11
9,8,11
5,4,11
13,3,11
8,3,11
11,11,11
17,6,11
9,5,11
9,13,11
7,7,11
4,8,11
16,11,11
4,5,11
13,11,11
9,10,11
15,4,11
8,11,11
11,6,11
12,7,11
7,13,12
10,3,12
16,4,12
14,9,12
6,11,12
14,2,12
13,4,12
12,8,12
4,6,12
8,4,12
17,12,12
12,5,12
12,13,12
11,14,12
15,7,12
7,10,12
17,9,12
10,11,12
6,6,12
15,15,12
12,10,12
16,14,12
11,12,12
13,14,12
7,3,12
8,14,12
11,9,12
14,7,12
11,2,12
9,4,12
10,6,12
16,12,12
12,3,12
14,15,12
13,12,12
17,7,12
16,9,12
8,12,12
18,10,12
7,11,12
13,9,12
13,2,12
8,9,12
8,2,12
5,8,12
12,11,12
5,5,12
9,14,12
11,7,12
5,13,12
7,6,12
6,4,12
3,7,12
11,15,12
16,7,12
15,8,12
5,10,12
9,12,12
12,1,12
13,7,12
12,6,12
18,11,12
8,7,12
9,9,12
15,5,12
9,2,12
15,13,12
10,4,12
13,15,12
4,9,12
14,8,12
15,10,12
14,5,12
14,13,12
6,12,12
17,8,12
10,14,12
5,11,12
6,9,12
15,3,12
9,7,12
7,4,12
17,13,12
14,10,12
9,15,12
10,12,12
12,4,12
11,8,12
4,7,12
17,10,12
10,9,12
5,6,12
15,11,12
10,2,12
14,3,12
11,5,12
3,8,12
11,13,12
7,14,12
16,8,12
13,8,12
6,7,12
8,8,12
16,5,12
16,13,12
11,10,12
13,5,12
13,13,12
12,14,12
15,6,12
8,5,12
14,11,12
8,13,12
7,12,12
7,9,12
7,2,12
16,10,12
10,7,12
11,3,12
17,11,12
13,10,12
8,10,12
12,12,12
12,9,12
10,15,12
14,6,12
12,2,12
9,8,12
5,4,12
13,3,12
8,3,12
11,11,12
17,6,12
9,5,12
9,13,12
7,7,12
4,8,12
16,11,12
4,5,12
13,11,12
9,10,12
15,4,12
8,11,12
11,6,12
12,7,12
6,8,12
12,15,12
4,10,12
9,3,12
6,5,12
16,6,12
6,13,12
13,1,12
13,6,12
5,12,12
14,4,12
8,6,12
5,9,12
15,14,12
10,8,12
6,10,12
10,5,12
9,11,12
10,13,12
15,12,12
15,9,12
14,14,12
6,3,12
10,10,12
4,11,12
11,4,12
9,6,12
5,7,12
7,8,12
17,14,12
14,12,12
7,5,12
5,5,13
9,14,13
11,7,13
7,6,13
6,4,13
3,7,13
11,15,13
16,7,13
15,8,13
5,10,13
9,12,13
13,7,13
12,6,13
8,7,13
9,9,13
15,5,13
9,2,13
15,13,13
16,15,13
10,4,13
13,15,13
4,9,13
14,8,13
15,10,13
14,5,13
14,13,13
6,12,13
17,8,13
10,14,13
5,11,13
6,9,13
15,3,13
9,7,13
7,4,13
17,13,13
14,10,13
9,15,13
10,12,13
12,4,13
11,8,13
4,7,13
17,10,13
10,9,13
5,6,13
15,11,13
10,2,13
14,3,13
11,5,13
3,8,13
11,13,13
7,14,13
16,8,13
13,8,13
6,7,13
8,8,13
16,5,13
16,13,13
11,10,13
13,5,13
13,13,13
12,14,13
15,6,13
8,5,13
14,11,13
8,13,13
7,12,13
7,9,13
7,2,13
16,10,13
10,7,13
11,3,13
17,11,13
13,10,13
8,10,13
12,12,13
12,9,13
10,15,13
14,6,13
12,2,13
9,8,13
5,4,13
13,3,13
8,3,13
11,11,13
17,6,13
9,5,13
9,13,13
7,7,13
4,8,13
16,11,13
13,11,13
9,10,13
15,4,13
8,11,13
11,6,13
12,7,13
6,8,13
12,15,13
4,10,13
9,3,13
6,5,13
16,6,13
6,13,13
13,6,13
5,12,13
14,4,13
8,6,13
5,9,13
15,14,13
10,8,13
6,10,13
10,5,13
9,11,13
10,13,13
15,12,13
15,9,13
14,14,13
6,3,13
10,10,13
4,11,13
11,4,13
9,6,13
5,7,13
7,8,13
17,14,13
14,12,13
7,5,13
7,13,13
10,3,13
16,4,13
14,9,13
6,11,13
14,2,13
13,4,13
12,8,13
4,6,13
8,4,13
17,12,13
12,5,13
12,13,13
11,14,13
15,7,13
7,10,13
17,9,13
10,11,13
6,6,13
15,15,13
12,10,13
16,14,13
11,12,13
13,14,13
7,3,13
8,14,13
11,9,13
14,7,13
11,2,13
9,4,13
3,9,13
10,6,13
16,12,13
12,3,13
14,15,13
13,12,13
17,7,13
16,9,13
8,12,13
7,11,13
13,9,13
13,2,13
8,9,13
8,2,13
5,8,13
12,11,13
13,6,14
5,12,14
14,4,14
8,6,14
5,9,14
15,14,14
10,8,14
6,10,14
10,5,14
9,11,14
10,13,14
15,12,14
15,9,14
14,14,14
6,3,14
10,10,14
4,11,14
11,4,14
9,6,14
5,7,14
7,8,14
17,14,14
14,12,14
7,5,14
7,13,14
10,3,14
16,4,14
14,9,14
6,11,14
14,2,14
13,4,14
12,8,14
4,6,14
8,4,14
17,12,14
12,5,14
12,13,14
11,14,14
15,7,14
7,10,14
17,9,14
10,11,14
12,16,14
6,6,14
15,15,14
12,10,14
16,14,14
11,12,14
13,14,14
7,3,14
8,14,14
11,9,14
14,7,14
11,2,14
9,4,14
3,9,14
10,6,14
16,12,14
12,3,14
14,15,14
13,12,14
17,7,14
16,9,14
8,12,14
7,11,14
13,9,14
13,2,14
8,9,14
8,2,14
5,8,14
12,11,14
5,5,14
9,14,14
11,7,14
7,6,14
6,4,14
3,7,14
11,15,14
16,7,14
15,8,14
5,10,14
9,12,14
13,7,14
12,6,14
8,7,14
9,9,14
15,5,14
9,2,14
15,13,14
16,15,14
10,4,14
13,15,14
4,9,14
14,8,14
15,10,14
14,5,14
14,13,14
6,12,14
17,8,14
10,14,14
5,11,14
6,9,14
15,3,14
9,7,14
7,4,14
17,13,14
14,10,14
9,15,14
10,12,14
12,4,14
11,8,14
4,7,14
17,10,14
10,9,14
5,6,14
15,11,14
10,2,14
14,3,14
11,5,14
3,8,14
11,13,14
16,8,14
13,8,14
6,7,14
8,8,14
16,5,14
16,13,14
11,10,14
13,5,14
13,13,14
12,14,14
15,6,14
8,5,14
14,11,14
8,13,14
3,10,14
7,12,14
7,9,14
7,2,14
16,10,14
10,7,14
11,3,14
17,11,14
13,10,14
8,10,14
12,12,14
12,9,14
10,15,14
14,6,14
12,2,14
9,8,14
5,4,14
13,3,14
8,3,14
11,11,14
17,6,14
9,5,14
9,13,14
7,7,14
4,8,14
16,11,14
13,11,14
9,10,14
15,4,14
8,11,14
11,6,14
12,7,14
6,8,14
12,15,14
4,10,14
9,3,14
6,5,14
16,6,14
11,13,15
7,14,15
16,8,15
11,16,15
13,8,15
6,7,15
8,8,15
16,5,15
16,13,15
11,10,15
13,5,15
13,13,15
12,14,15
15,6,15
8,5,15
14,11,15
8,13,15
3,10,15
7,12,15
7,9,15
13,16,15
7,2,15
16,10,15
10,7,15
11,3,15
17,11,15
13,10,15
8,10,15
12,12,15
12,9,15
10,15,15
14,6,15
12,2,15
16,3,15
9,8,15
5,4,15
13,3,15
8,3,15
11,11,15
17,6,15
9,5,15
9,13,15
18,12,15
7,7,15
18,9,15
4,8,15
16,11,15
4,5,15
13,11,15
9,10,15
15,4,15
8,11,15
11,6,15
12,7,15
3,6,15
6,8,15
12,15,15
4,10,15
9,3,15
6,5,15
16,6,15
6,13,15
13,6,15
5,12,15
14,4,15
8,6,15
5,9,15
15,14,15
10,8,15
6,10,15
10,5,15
9,11,15
10,13,15
15,12,15
10,16,15
15,9,15
14,14,15
6,3,15
15,2,15
10,10,15
4,11,15
11,4,15
9,6,15
5,7,15
7,8,15
17,14,15
14,12,15
7,5,15
7,13,15
10,3,15
16,4,15
14,9,15
6,11,15
14,2,15
13,4,15
12,8,15
4,6,15
8,4,15
17,12,15
12,5,15
12,13,15
11,14,15
15,7,15
17,9,15
7,10,15
10,11,15
12,16,15
6,6,15
15,15,15
12,10,15
16,14,15
11,12,15
13,14,15
7,3,15
8,14,15
11,9,15
14,7,15
18,13,15
11,2,15
9,4,15
3,9,15
10,6,15
16,12,15
12,3,15
14,15,15
13,12,15
17,7,15
16,9,15
8,12,15
18,10,15
7,11,15
13,9,15
13,2,15
8,9,15
8,2,15
17,15,15
5,8,15
12,11,15
5,5,15
9,14,15
11,7,15
7,6,15
6,4,15
3,7,15
11,15,15
16,7,15
15,8,15
5,10,15
9,12,15
13,7,15
12,6,15
18,11,15
8,7,15
9,9,15
15,5,15
9,2,15
15,13,15
16,15,15
10,4,15
13,15,15
4,9,15
14,8,15
15,10,15
14,5,15
14,13,15
6,12,15
17,8,15
10,14,15
5,11,15
6,9,15
14,16,15
15,3,15
9,7,15
17,5,15
7,4,15
17,13,15
14,10,15
9,15,15
10,12,15
12,4,15
11,8,15
4,7,15
17,10,15
10,9,15
5,6,15
15,11,15
10,2,15
14,3,15
11,5,15
3,8,15
16,15,16
10,4,16
13,15,16
15,16,16
4,9,16
14,8,16
15,10,16
14,5,16
14,13,16
6,12,16
17,8,16
10,14,16
5,11,16
6,9,16
14,16,16
15,3,16
9,7,16
17,5,16
7,4,16
17,13,16
14,10,16
9,15,16
10,12,16
12,4,16
11,8,16
4,7,16
17,10,16
10,9,16
5,6,16
15,11,16
10,2,16
14,3,16
11,5,16
3,8,16
11,13,16
3,5,16
16,8,16
11,16,16
13,8,16
6,7,16
8,8,16
16,5,16
16,13,16
11,10,16
13,5,16
13,13,16
12,14,16
15,6,16
8,5,16
14,11,16
8,13,16
7,12,16
7,9,16
13,16,16
16,10,16
10,7,16
11,3,16
17,11,16
13,10,16
8,10,16
12,12,16
12,9,16
10,15,16
14,6,16
12,2,16
16,3,16
9,8,16
5,4,16
13,3,16
8,3,16
11,11,16
17,6,16
9,5,16
9,13,16
7,7,16
4,8,16
16,11,16
4,5,16
13,11,16
9,10,16
15,4,16
8,11,16
11,6,16
12,7,16
3,6,16
6,8,16
12,15,16
4,10,16
9,3,16
6,5,16
16,6,16
13,6,16
14,4,16
8,6,16
5,9,16
15,14,16
10,8,16
6,10,16
10,5,16
9,11,16
10,13,16
15,12,16
15,9,16
14,14,16
10,10,16
11,4,16
9,6,16
5,7,16
7,8,16
17,14,16
14,12,16
7,5,16
7,13,16
10,3,16
16,4,16
14,9,16
6,11,16
14,2,16
13,4,16
12,8,16
4,6,16
8,4,16
17,12,16
12,5,16
12,13,16
11,14,16
15,7,16
7,10,16
17,9,16
10,11,16
12,16,16
6,6,16
15,15,16
12,10,16
16,14,16
11,12,16
13,14,16
7,3,16
8,14,16
11,9,16
14,7,16
11,2,16
9,4,16
3,9,16
10,6,16
16,12,16
12,3,16
14,15,16
13,12,16
17,7,16
16,9,16
8,12,16
7,11,16
13,9,16
13,2,16
8,9,16
8,2,16
4,4,16
5,8,16
12,11,16
5,5,16
9,14,16
11,7,16
7,6,16
6,4,16
3,7,16
11,15,16
16,7,16
15,8,16
5,10,16
9,12,16
13,7,16
12,6,16
8,7,16
9,9,16
15,5,16
9,2,16
15,13,16
6,12,17
17,8,17
10,14,17
5,11,17
6,9,17
14,16,17
15,3,17
9,7,17
17,5,17
7,4,17
17,13,17
14,10,17
9,15,17
10,12,17
12,4,17
11,8,17
4,7,17
17,10,17
10,9,17
5,6,17
15,11,17
10,2,17
14,3,17
11,5,17
3,8,17
11,13,17
7,14,17
3,5,17
16,8,17
11,16,17
13,8,17
6,7,17
8,8,17
16,5,17
16,13,17
11,10,17
13,5,17
13,13,17
12,14,17
15,6,17
8,5,17
14,11,17
8,13,17
3,10,17
7,12,17
16,16,17
7,9,17
13,16,17
16,10,17
10,7,17
11,3,17
17,11,17
13,10,17
8,10,17
12,12,17
12,9,17
10,15,17
14,6,17
12,2,17
9,8,17
5,4,17
13,3,17
8,3,17
11,11,17
17,6,17
9,5,17
9,13,17
7,7,17
4,8,17
16,11,17
4,5,17
13,11,17
9,10,17
15,4,17
8,11,17
11,6,17
12,7,17
3,6,17
6,8,17
12,15,17
4,10,17
9,3,17
6,5,17
16,6,17
6,13,17
13,6,17
5,12,17
14,4,17
8,6,17
5,9,17
15,14,17
10,8,17
6,10,17
10,5,17
9,11,17
10,13,17
15,12,17
15,9,17
14,14,17
6,3,17
10,10,17
4,11,17
11,4,17
9,6,17
5,7,17
7,8,17
17,14,17
14,12,17
7,5,17
7,13,17
10,3,17
16,4,17
14,9,17
6,11,17
13,4,17
12,8,17
4,6,17
8,4,17
17,12,17
12,5,17
12,13,17
11,14,17
15,7,17
7,10,17
17,9,17
10,11,17
12,16,17
6,6,17
15,15,17
12,10,17
16,14,17
11,12,17
13,14,17
7,3,17
8,14,17
11,9,17
14,7,17
11,2,17
9,4,17
3,9,17
10,6,17
16,12,17
12,3,17
14,15,17
13,12,17
17,7,17
16,9,17
8,12,17
7,11,17
13,9,17
8,9,17
8,2,17
4,4,17
5,8,17
12,11,17
5,5,17
9,14,17
11,7,17
7,6,17
6,4,17
3,7,17
11,15,17
16,7,17
15,8,17
5,10,17
9,12,17
13,7,17
12,6,17
8,7,17
9,9,17
15,5,17
9,2,17
15,13,17
16,15,17
10,4,17
13,15,17
8,15,17
15,16,17
4,9,17
14,8,17
15,10,17
14,5,17
14,13,17
11,15,18
16,7,18
15,8,18
5,10,18
9,12,18
13,7,18
12,6,18
8,7,18
9,9,18
15,5,18
9,2,18
15,13,18
16,15,18
10,4,18
13,15,18
8,15,18
15,16,18
4,9,18
14,8,18
15,10,18
14,5,18
14,13,18
6,12,18
17,8,18
10,14,18
5,11,18
6,9,18
14,16,18
15,3,18
9,7,18
17,5,18
7,4,18
17,13,18
14,10,18
9,15,18
10,12,18
12,4,18
11,8,18
4,7,18
17,10,18
10,9,18
5,6,18
15,11,18
10,2,18
14,3,18
11,5,18
3,8,18
11,13,18
7,14,18
3,5,18
16,8,18
11,16,18
13,8,18
6,7,18
8,8,18
16,5,18
16,13,18
11,10,18
13,5,18
13,13,18
12,14,18
15,6,18
8,5,18
14,11,18
8,13,18
3,10,18
7,12,18
16,16,18
7,9,18
13,16,18
16,10,18
10,7,18
11,3,18
17,11,18
13,10,18
8,10,18
12,12,18
12,9,18
10,15,18
14,6,18
12,2,18
9,8,18
5,4,18
13,3,18
8,3,18
11,11,18
17,6,18
9,5,18
9,13,18
7,7,18
18,9,18
4,8,18
16,11,18
4,5,18
13,11,18
9,10,18
15,4,18
8,11,18
11,6,18
12,7,18
3,6,18
6,8,18
12,15,18
4,10,18
9,3,18
6,5,18
16,6,18
6,13,18
13,6,18
5,12,18
14,4,18
8,6,18
5,9,18
15,14,18
10,8,18
6,10,18
10,5,18
9,11,18
10,13,18
15,12,18
15,9,18
14,14,18
6,3,18
10,10,18
4,11,18
11,4,18
9,6,18
5,7,18
7,8,18
17,14,18
14,12,18
7,5,18
7,13,18
10,3,18
16,4,18
14,9,18
6,11,18
13,4,18
12,8,18
4,6,18
8,4,18
17,12,18
12,5,18
12,13,18
11,14,18
15,7,18
7,10,18
17,9,18
10,11,18
12,16,18
6,6,18
15,15,18
12,10,18
16,14,18
18,8,18
11,12,18
13,14,18
7,3,18
8,14,18
11,9,18
14,7,18
11,2,18
9,4,18
3,9,18
10,6,18
16,12,18
12,3,18
14,15,18
13,12,18
17,7,18
16,9,18
8,12,18
7,11,18
13,9,18
8,9,18
8,2,18
4,4,18
5,8,18
12,11,18
5,5,18
9,14,18
11,7,18
7,6,18
6,4,18
3,7,18
14,5,19
14,13,19
6,12,19
17,8,19
10,14,19
5,11,19
6,9,19
14,16,19
15,3,19
9,7,19
17,5,19
7,4,19
17,13,19
14,10,19
9,15,19
10,12,19
12,4,19
11,8,19
4,7,19
17,10,19
10,9,19
5,6,19
15,11,19
10,2,19
14,3,19
11,5,19
3,8,19
11,13,19
7,14,19
3,5,19
16,8,19
11,16,19
13,8,19
6,7,19
8,8,19
16,5,19
16,13,19
11,10,19
13,5,19
13,13,19
12,14,19
15,6,19
8,5,19
14,11,19
8,13,19
7,12,19
16,16,19
7,9,19
13,16,19
16,10,19
10,7,19
11,3,19
17,11,19
13,10,19
8,10,19
12,12,19
12,9,19
10,15,19
14,6,19
12,2,19
9,8,19
5,4,19
13,3,19
8,3,19
11,11,19
17,6,19
9,5,19
9,13,19
7,7,19
4,8,19
16,11,19
4,5,19
13,11,19
9,10,19
15,4,19
8,11,19
11,6,19
12,7,19
3,6,19
6,8,19
12,15,19
4,10,19
9,3,19
6,5,19
16,6,19
6,13,19
13,6,19
5,12,19
14,4,19
8,6,19
5,9,19
15,14,19
10,8,19
6,10,19
10,5,19
9,11,19
10,13,19
15,12,19
15,9,19
14,14,19
10,10,19
4,11,19
11,4,19
9,6,19
5,7,19
7,8,19
14,12,19
7,5,19
7,13,19
10,3,19
16,4,19
14,9,19
6,11,19
13,4,19
12,8,19
4,6,19
8,4,19
17,12,19
12,5,19
12,13,19
11,14,19
15,7,19
7,10,19
17,9,19
10,11,19
12,16,19
6,6,19
15,15,19
12,10,19
16,14,19
18,8,19
11,12,19
13,14,19
7,3,19
8,14,19
11,9,19
14,7,19
11,2,19
9,4,19
3,9,19
10,6,19
16,12,19
12,3,19
14,15,19
13,12,19
17,7,19
16,9,19
8,12,19
7,11,19
13,9,19
8,9,19
8,2,19
5,8,19
12,11,19
5,5,19
9,14,19
11,7,19
7,6,19
6,4,19
3,7,19
11,15,19
16,7,19
15,8,19
5,10,19
9,12,19
13,7,19
12,6,19
8,7,19
9,9,19
15,5,19
9,2,19
15,13,19
16,15,19
10,4,19
13,15,19
8,15,19
15,16,19
4,9,19
14,8,19
15,10,19
4,10,20
9,3,20
6,5,20
16,6,20
13,6,20
14,4,20
8,6,20
5,9,20
15,14,20
10,8,20
6,10,20
10,5,20
9,11,20
10,13,20
15,12,20
15,9,20
14,14,20
6,3,20
10,10,20
4,11,20
11,4,20
16,17,20
9,6,20
5,7,20
7,8,20
14,12,20
7,5,20
7,13,20
10,3,20
16,4,20
14,9,20
6,11,20
13,4,20
12,8,20
4,6,20
8,4,20
17,12,20
12,5,20
12,13,20
11,14,20
15,7,20
7,10,20
17,9,20
10,11,20
12,16,20
6,6,20
15,15,20
12,10,20
16,14,20
11,12,20
13,14,20
7,3,20
8,14,20
11,9,20
14,7,20
9,4,20
3,9,20
10,6,20
16,12,20
12,3,20
14,15,20
13,12,20
17,7,20
16,9,20
8,12,20
7,11,20
13,9,20
8,9,20
8,2,20
5,8,20
12,11,20
5,5,20
9,14,20
11,7,20
7,6,20
6,4,20
3,7,20
11,15,20
16,7,20
15,8,20
5,10,20
9,12,20
13,7,20
12,6,20
8,7,20
9,9,20
15,5,20
9,2,20
15,13,20
16,15,20
10,4,20
13,15,20
15,16,20
4,9,20
14,8,20
15,10,20
14,5,20
14,13,20
6,12,20
17,8,20
10,14,20
5,11,20
6,9,20
14,16,20
9,7,20
17,5,20
7,4,20
17,13,20
14,10,20
9,15,20
10,12,20
12,4,20
11,8,20
4,7,20
17,10,20
10,9,20
5,6,20
15,11,20
10,2,20
14,3,20
11,5,20
3,8,20
11,13,20
3,5,20
16,8,20
11,16,20
13,8,20
6,7,20
8,8,20
16,5,20
16,13,20
11,10,20
13,5,20
13,13,20
12,14,20
15,6,20
8,5,20
14,11,20
8,13,20
3,10,20
7,12,20
16,16,20
7,9,20
13,16,20
16,10,20
10,7,20
11,3,20
17,11,20
13,10,20
8,10,20
12,12,20
12,9,20
10,15,20
14,6,20
9,8,20
5,4,20
13,3,20
8,3,20
11,11,20
9,5,20
17,6,20
9,13,20
15,17,20
7,7,20
4,8,20
16,11,20
4,5,20
13,11,20
9,10,20
15,4,20
8,11,20
11,6,20
12,7,20
3,6,20
6,8,20
12,15,20
9,4,21
3,9,21
10,6,21
16,12,21
12,3,21
14,15,21
13,12,21
17,7,21
16,9,21
8,12,21
7,11,21
13,9,21
8,9,21
8,2,21
5,8,21
12,11,21
5,5,21
9,14,21
11,7,21
7,6,21
6,4,21
3,7,21
11,15,21
16,7,21
15,8,21
5,10,21
9,12,21
13,7,21
12,6,21
8,7,21
9,9,21
15,5,21
9,2,21
15,13,21
16,15,21
10,4,21
13,15,21
15,16,21
4,9,21
14,8,21
15,10,21
14,5,21
14,13,21
6,12,21
17,8,21
10,14,21
5,11,21
2,7,21
6,9,21
14,16,21
9,7,21
17,5,21
7,4,21
14,10,21
9,15,21
10,12,21
12,4,21
11,8,21
4,7,21
17,10,21
10,9,21
5,6,21
15,11,21
10,2,21
14,3,21
11,5,21
3,8,21
11,13,21
16,8,21
11,16,21
13,8,21
6,7,21
8,8,21
16,5,21
16,13,21
11,10,21
13,5,21
13,13,21
12,14,21
15,6,21
8,5,21
14,11,21
8,13,21
3,10,21
7,12,21
16,16,21
7,9,21
13,16,21
16,10,21
10,7,21
11,3,21
17,11,21
13,10,21
8,10,21
12,12,21
12,9,21
10,15,21
14,6,21
2,8,21
9,8,21
5,4,21
13,3,21
8,3,21
11,11,21
17,6,21
9,5,21
9,13,21
15,17,21
7,7,21
4,8,21
16,11,21
4,5,21
9,10,21
13,11,21
15,4,21
8,11,21
11,6,21
12,7,21
3,6,21
6,8,21
12,15,21
4,10,21
9,3,21
6,5,21
16,6,21
13,6,21
14,4,21
8,6,21
5,9,21
15,14,21
10,8,21
6,10,21
10,5,21
9,11,21
10,13,21
15,12,21
15,9,21
14,14,21
10,10,21
4,11,21
11,4,21
16,17,21
9,6,21
5,7,21
7,8,21
14,12,21
7,5,21
7,13,21
10,3,21
14,9,21
6,11,21
13,4,21
12,8,21
4,6,21
8,4,21
17,12,21
12,5,21
12,13,21
11,14,21
15,7,21
7,10,21
17,9,21
10,11,21
12,16,21
6,6,21
15,15,21
12,10,21
16,14,21
11,12,21
13,14,21
7,3,21
8,14,21
11,9,21
14,7,21
6,7,22
8,8,22
16,5,22
16,13,22
11,10,22
13,5,22
13,13,22
12,14,22
15,6,22
8,5,22
14,11,22
8,13,22
3,10,22
7,12,22
16,16,22
7,9,22
13,16,22
16,10,22
10,7,22
11,3,22
17,11,22
13,10,22
8,10,22
12,12,22
12,9,22
10,15,22
14,6,22
2,8,22
9,8,22
5,4,22
13,3,22
8,3,22
11,11,22
17,6,22
9,5,22
9,13,22
15,17,22
7,7,22
4,8,22
16,11,22
4,5,22
13,11,22
9,10,22
15,4,22
8,11,22
11,6,22
12,7,22
3,6,22
6,8,22
12,15,22
4,10,22
9,3,22
6,5,22
16,6,22
13,6,22
5,12,22
14,4,22
8,6,22
5,9,22
15,14,22
10,8,22
6,10,22
10,5,22
9,11,22
10,13,22
15,12,22
15,9,22
14,14,22
10,10,22
4,11,22
11,4,22
16,17,22
9,6,22
5,7,22
7,8,22
14,12,22
7,5,22
7,13,22
10,3,22
14,9,22
6,11,22
13,4,22
12,8,22
4,6,22
8,4,22
12,5,22
12,13,22
11,14,22
15,7,22
7,10,22
17,9,22
10,11,22
12,16,22
6,6,22
15,15,22
12,10,22
16,14,22
11,12,22
13,14,22
7,3,22
8,14,22
11,9,22
14,7,22
9,4,22
3,9,22
10,6,22
16,12,22
12,3,22
14,15,22
13,12,22
17,7,22
16,9,22
8,12,22
7,11,22
13,9,22
8,9,22
8,2,22
5,8,22
12,11,22
5,5,22
9,14,22
11,7,22
7,6,22
6,4,22
3,7,22
11,15,22
16,7,22
15,8,22
5,10,22
9,12,22
13,7,22
12,6,22
8,7,22
9,9,22
15,5,22
9,2,22
15,13,22
16,15,22
10,4,22
13,15,22
15,16,22
4,9,22
14,8,22
15,10,22
14,5,22
14,13,22
6,12,22
17,8,22
10,14,22
5,11,22
2,7,22
6,9,22
14,16,22
9,7,22
7,4,22
14,10,22
9,15,22
10,12,22
12,4,22
11,8,22
4,7,22
17,10,22
10,9,22
5,6,22
15,11,22
10,2,22
14,3,22
11,5,22
3,8,22
11,13,22
3,5,22
16,8,22
11,16,22
13,8,22
8,7,23
9,9,23
15,5,23
15,13,23
16,15,23
10,4,23
13,15,23
4,12,23
15,16,23
4,9,23
14,8,23
15,10,23
14,5,23
14,13,23
6,12,23
17,8,23
10,14,23
5,11,23
6,9,23
14,16,23
9,7,23
7,4,23
17,13,23
14,10,23
9,15,23
10,12,23
12,4,23
11,8,23
4,7,23
17,10,23
10,9,23
5,6,23
15,11,23
14,3,23
11,5,23
3,8,23
11,13,23
7,14,23
3,5,23
16,8,23
11,16,23
13,8,23
6,7,23
8,8,23
16,5,23
16,13,23
11,10,23
13,5,23
13,13,23
12,14,23
15,6,23
8,5,23
14,11,23
8,13,23
3,10,23
7,12,23
16,16,23
7,9,23
13,16,23
16,10,23
10,7,23
11,3,23
17,11,23
13,10,23
8,10,23
12,12,23
12,9,23
10,15,23
14,6,23
9,8,23
5,4,23
13,3,23
8,3,23
11,11,23
17,6,23
9,5,23
9,13,23
15,17,23
3,11,23
7,7,23
18,9,23
4,8,23
16,11,23
4,5,23
13,11,23
9,10,23
15,4,23
8,11,23
11,6,23
12,7,23
14,17,23
3,6,23
6,8,23
12,15,23
4,10,23
9,3,23
6,5,23
16,6,23
6,13,23
13,6,23
5,12,23
14,4,23
8,6,23
5,9,23
15,14,23
10,8,23
6,10,23
10,5,23
9,11,23
10,13,23
15,12,23
15,9,23
14,14,23
10,10,23
4,11,23
11,4,23
16,17,23
9,6,23
13,17,23
5,7,23
7,8,23
17,14,23
14,12,23
7,5,23
7,13,23
10,3,23
14,9,23
6,11,23
13,4,23
12,8,23
4,6,23
8,4,23
17,12,23
12,5,23
12,13,23
11,14,23
15,7,23
7,10,23
17,9,23
10,11,23
12,16,23
6,6,23
15,15,23
12,10,23
16,14,23
11,12,23
13,14,23
8,14,23
11,9,23
14,7,23
9,4,23
3,9,23
10,6,23
16,12,23
12,3,23
14,15,23
13,12,23
17,7,23
16,9,23
8,12,23
7,11,23
13,9,23
8,9,23
5,8,23
12,11,23
5,5,23
9,14,23
11,7,23
7,6,23
6,4,23
3,7,23
11,15,23
16,7,23
15,8,23
5,10,23
9,12,23
13,7,23
12,6,23
17,16,24
10,12,24
12,4,24
11,8,24
4,7,24
17,10,24
10,9,24
5,6,24
15,11,24
10,2,24
14,3,24
11,5,24
3,8,24
11,13,24
3,5,24
16,8,24
13,8,24
6,7,24
8,8,24
16,5,24
16,13,24
11,10,24
13,5,24
13,13,24
12,14,24
15,6,24
8,5,24
14,11,24
8,13,24
3,10,24
7,12,24
16,16,24
7,9,24
13,16,24
16,10,24
10,7,24
11,3,24
17,11,24
13,10,24
8,10,24
12,12,24
12,9,24
10,15,24
14,6,24
12,2,24
9,8,24
5,4,24
13,3,24
8,3,24
11,11,24
9,5,24
17,6,24
9,13,24
15,17,24
3,11,24
7,7,24
4,8,24
16,11,24
4,5,24
13,11,24
9,10,24
15,4,24
8,11,24
11,6,24
12,7,24
14,17,24
3,6,24
6,8,24
12,15,24
4,10,24
9,3,24
6,5,24
16,6,24
6,13,24
13,6,24
5,12,24
14,4,24
8,6,24
5,9,24
15,14,24
10,8,24
6,10,24
10,5,24
9,11,24
10,13,24
15,12,24
15,9,24
14,14,24
10,10,24
4,11,24
11,4,24
9,6,24
5,7,24
7,8,24
17,14,24
14,12,24
7,5,24
7,13,24
10,3,24
14,9,24
6,11,24
13,4,24
12,8,24
4,6,24
8,4,24
17,12,24
12,5,24
12,13,24
11,14,24
15,7,24
7,10,24
17,9,24
10,11,24
12,16,24
6,6,24
15,15,24
12,10,24
16,14,24
11,12,24
13,14,24
7,3,24
8,14,24
11,9,24
14,7,24
11,2,24
9,4,24
3,9,24
10,6,24
16,12,24
12,3,24
14,15,24
13,12,24
17,7,24
16,9,24
8,12,24
18,10,24
7,11,24
13,9,24
8,9,24
4,4,24
17,15,24
5,8,24
12,11,24
5,5,24
9,14,24
11,7,24
7,6,24
6,4,24
3,7,24
11,15,24
16,7,24
15,8,24
5,10,24
9,12,24
13,7,24
12,6,24
8,7,24
9,9,24
15,5,24
9,2,24
15,13,24
16,15,24
10,4,24
13,15,24
4,12,24
15,16,24
4,9,24
14,8,24
15,10,24
14,5,24
14,13,24
6,12,24
17,8,24
10,14,24
5,11,24
6,9,24
14,16,24
9,7,24
7,4,24
17,13,24
14,10,24
12,3,25
14,15,25
13,12,25
17,7,25
16,9,25
8,12,25
18,10,25
7,11,25
13,9,25
13,2,25
8,9,25
17,15,25
5,8,25
12,11,25
5,5,25
9,14,25
11,7,25
7,6,25
6,4,25
3,7,25
11,15,25
16,7,25
15,8,25
5,10,25
9,12,25
13,7,25
12,6,25
8,7,25
9,9,25
15,5,25
9,2,25
15,13,25
16,15,25
10,4,25
13,15,25
15,16,25
4,9,25
14,8,25
15,10,25
14,5,25
14,13,25
6,12,25
17,8,25
10,14,25
5,11,25
6,9,25
14,16,25
9,7,25
7,4,25
17,13,25
14,10,25
17,16,25
10,12,25
12,4,25
11,8,25
4,7,25
17,10,25
10,9,25
5,6,25
15,11,25
10,2,25
14,3,25
11,5,25
3,8,25
11,13,25
3,5,25
16,8,25
13,8,25
6,7,25
8,8,25
16,5,25
16,13,25
11,10,25
13,5,25
13,13,25
12,14,25
15,6,25
8,5,25
14,11,25
8,13,25
3,10,25
7,12,25
16,16,25
7,9,25
13,16,25
16,10,25
10,7,25
11,3,25
17,11,25
13,10,25
8,10,25
12,12,25
12,9,25
10,15,25
14,6,25
12,2,25
9,8,25
5,4,25
13,3,25
8,3,25
11,11,25
17,6,25
9,5,25
9,13,25
15,17,25
3,11,25
7,7,25
4,8,25
16,11,25
4,5,25
13,11,25
9,10,25
15,4,25
8,11,25
11,6,25
12,7,25
14,17,25
3,6,25
6,8,25
12,15,25
4,10,25
9,3,25
6,5,25
16,6,25
13,6,25
5,12,25
14,4,25
8,6,25
5,9,25
15,14,25
10,8,25
6,10,25
10,5,25
9,11,25
10,13,25
15,12,25
15,9,25
14,14,25
6,3,25
10,10,25
4,11,25
11,4,25
2,6,25
9,6,25
5,7,25
7,8,25
17,14,25
14,12,25
7,5,25
7,13,25
10,3,25
14,9,25
6,11,25
13,4,25
12,8,25
4,6,25
8,4,25
17,12,25
12,5,25
12,13,25
11,14,25
15,7,25
7,10,25
17,9,25
10,11,25
12,16,25
6,6,25
15,15,25
12,10,25
16,14,25
11,12,25
13,14,25
7,3,25
8,14,25
11,9,25
14,7,25
11,2,25
9,4,25
3,9,25
10,6,25
16,12,25
17,16,26
10,12,26
12,4,26
11,8,26
4,7,26
17,10,26
10,9,26
5,6,26
15,11,26
10,2,26
14,3,26
11,5,26
3,8,26
11,13,26
3,5,26
16,8,26
13,8,26
6,7,26
8,8,26
16,5,26
16,13,26
11,10,26
13,5,26
13,13,26
12,14,26
15,6,26
8,5,26
14,11,26
8,13,26
3,10,26
7,12,26
16,16,26
7,9,26
13,16,26
16,10,26
10,7,26
11,3,26
17,11,26
13,10,26
8,10,26
12,12,26
12,9,26
14,6,26
12,2,26
9,8,26
13,3,26
8,3,26
11,11,26
9,5,26
17,6,26
9,13,26
15,17,26
3,11,26
7,7,26
4,8,26
16,11,26
2,10,26
4,5,26
13,11,26
9,10,26
15,4,26
8,11,26
11,6,26
12,7,26
14,17,26
3,6,26
6,8,26
12,15,26
4,10,26
9,3,26
6,5,26
16,6,26
13,6,26
5,12,26
14,4,26
8,6,26
5,9,26
15,14,26
10,8,26
6,10,26
10,5,26
9,11,26
10,13,26
15,12,26
15,9,26
14,14,26
10,10,26
4,11,26
11,4,26
9,6,26
5,7,26
7,8,26
17,14,26
14,12,26
7,5,26
7,13,26
10,3,26
16,4,26
14,9,26
6,11,26
13,4,26
12,8,26
4,6,26
8,4,26
17,12,26
12,5,26
12,13,26
11,14,26
15,7,26
7,10,26
17,9,26
10,11,26
12,16,26
6,6,26
15,15,26
12,10,26
16,14,26
11,12,26
13,14,26
7,3,26
8,14,26
11,9,26
14,7,26
11,2,26
9,4,26
3,9,26
10,6,26
16,12,26
12,3,26
14,15,26
13,12,26
17,7,26
16,9,26
8,12,26
18,10,26
7,11,26
13,9,26
13,2,26
8,9,26
8,2,26
17,15,26
5,8,26
12,11,26
5,5,26
9,14,26
11,7,26
7,6,26
6,4,26
3,7,26
11,15,26
16,7,26
15,8,26
5,10,26
9,12,26
13,7,26
12,6,26
8,7,26
2,9,26
9,9,26
15,5,26
9,2,26
15,13,26
16,15,26
10,4,26
13,15,26
15,16,26
4,9,26
14,8,26
15,10,26
14,5,26
14,13,26
6,12,26
17,8,26
10,14,26
5,11,26
6,9,26
14,16,26
9,7,26
7,4,26
17,13,26
14,10,26
6,5,27
16,6,27
13,6,27
5,12,27
14,4,27
8,6,27
5,9,27
15,14,27
10,8,27
6,10,27
10,5,27
9,11,27
10,13,27
15,12,27
15,9,27
14,14,27
6,3,27
10,10,27
4,11,27
11,4,27
9,6,27
5,7,27
7,8,27
17,14,27
14,12,27
7,5,27
7,13,27
10,3,27
14,9,27
6,11,27
13,4,27
12,8,27
4,6,27
8,4,27
17,12,27
12,5,27
12,13,27
11,14,27
15,7,27
7,10,27
17,9,27
10,11,27
12,16,27
6,6,27
15,15,27
12,10,27
16,14,27
11,12,27
13,14,27
7,3,27
8,14,27
11,9,27
14,7,27
11,2,27
9,4,27
3,9,27
10,6,27
16,12,27
12,3,27
14,15,27
13,12,27
17,7,27
16,9,27
8,12,27
7,11,27
13,9,27
8,9,27
8,2,27
4,4,27
17,15,27
5,8,27
12,11,27
5,5,27
9,14,27
11,7,27
7,6,27
6,4,27
3,7,27
11,15,27
16,7,27
15,8,27
5,10,27
9,12,27
13,7,27
12,6,27
8,7,27
9,9,27
15,5,27
9,2,27
15,13,27
16,15,27
10,4,27
13,15,27
15,16,27
4,9,27
14,8,27
15,10,27
14,5,27
14,13,27
6,12,27
17,8,27
10,14,27
5,11,27
6,9,27
14,16,27
9,7,27
7,4,27
17,13,27
14,10,27
17,16,27
10,12,27
12,4,27
11,8,27
4,7,27
17,10,27
10,9,27
5,6,27
15,11,27
10,2,27
14,3,27
11,5,27
3,8,27
11,13,27
3,5,27
16,8,27
13,8,27
6,7,27
8,8,27
16,5,27
16,13,27
11,10,27
13,5,27
13,13,27
12,14,27
15,6,27
8,5,27
14,11,27
8,13,27
3,10,27
7,12,27
16,16,27
7,9,27
13,16,27
16,10,27
10,7,27
11,3,27
17,11,27
13,10,27
8,10,27
12,12,27
12,9,27
10,15,27
14,6,27
12,2,27
9,8,27
5,4,27
13,3,27
8,3,27
11,11,27
17,6,27
9,5,27
9,13,27
15,17,27
3,11,27
7,7,27
4,8,27
16,11,27
4,5,27
13,11,27
9,10,27
15,4,27
8,11,27
11,6,27
12,7,27
14,17,27
3,6,27
6,8,27
12,15,27
4,10,27
9,3,27
4,8,28
16,11,28
4,5,28
13,11,28
9,10,28
15,4,28
8,11,28
11,6,28
12,7,28
3,6,28
6,8,28
12,15,28
4,10,28
9,3,28
6,5,28
16,6,28
13,6,28
5,12,28
14,4,28
8,6,28
5,9,28
15,14,28
10,8,28
6,10,28
10,5,28
9,11,28
10,13,28
15,12,28
15,9,28
14,14,28
10,10,28
4,11,28
11,4,28
9,6,28
5,7,28
7,8,28
17,14,28
14,12,28
7,5,28
7,13,28
10,3,28
14,9,28
6,11,28
13,4,28
12,8,28
4,6,28
8,4,28
17,12,28
12,5,28
12,13,28
11,14,28
15,7,28
7,10,28
17,9,28
10,11,28
6,6,28
15,15,28
12,10,28
16,14,28
11,12,28
13,14,28
7,3,28
11,9,28
14,7,28
11,2,28
9,4,28
3,9,28
10,6,28
16,12,28
12,3,28
14,15,28
13,12,28
17,7,28
16,9,28
8,12,28
7,11,28
13,9,28
8,9,28
17,15,28
5,8,28
12,11,28
5,5,28
9,14,28
11,7,28
7,6,28
6,4,28
3,7,28
11,15,28
16,7,28
15,8,28
5,10,28
9,12,28
13,7,28
12,6,28
8,7,28
9,9,28
15,5,28
9,2,28
15,13,28
16,15,28
10,4,28
13,15,28
15,16,28
4,9,28
14,8,28
15,10,28
14,5,28
14,13,28
6,12,28
17,8,28
10,14,28
5,11,28
6,9,28
14,16,28
9,7,28
7,4,28
17,13,28
14,10,28
10,12,28
12,4,28
11,8,28
4,7,28
17,10,28
10,9,28
5,6,28
15,11,28
10,2,28
14,3,28
11,5,28
3,8,28
11,13,28
16,8,28
13,8,28
6,7,28
8,8,28
16,5,28
16,13,28
11,10,28
13,5,28
13,13,28
12,14,28
15,6,28
8,5,28
14,11,28
8,13,28
3,10,28
7,12,28
16,16,28
7,9,28
13,16,28
16,10,28
10,7,28
11,3,28
13,10,28
17,11,28
8,10,28
12,12,28
12,9,28
14,6,28
12,2,28
9,8,28
5,4,28
13,3,28
8,3,28
11,11,28
17,6,28
9,5,28
9,13,28
3,11,28
7,7,28
11,9,29
14,7,29
11,2,29
9,4,29
3,9,29
10,6,29
16,12,29
12,3,29
14,15,29
13,12,29
17,7,29
16,9,29
8,12,29
7,11,29
13,9,29
8,9,29
8,2,29
4,4,29
17,15,29
5,8,29
12,11,29
5,5,29
9,14,29
11,7,29
7,6,29
6,4,29
3,7,29
11,15,29
16,7,29
15,8,29
5,10,29
9,12,29
13,7,29
12,6,29
8,7,29
2,9,29
9,9,29
15,5,29
9,2,29
15,13,29
16,15,29
10,4,29
13,15,29
15,16,29
4,9,29
14,8,29
15,10,29
14,5,29
14,13,29
6,12,29
17,8,29
10,14,29
5,11,29
6,9,29
14,16,29
9,7,29
7,4,29
17,13,29
14,10,29
10,12,29
12,4,29
11,8,29
4,7,29
17,10,29
10,9,29
5,6,29
15,11,29
10,2,29
14,3,29
11,5,29
3,8,29
11,13,29
16,8,29
13,8,29
6,7,29
8,8,29
16,5,29
16,13,29
11,10,29
13,5,29
13,13,29
12,14,29
15,6,29
8,5,29
14,11,29
8,13,29
3,10,29
7,12,29
16,16,29
7,9,29
13,16,29
16,10,29
10,7,29
11,3,29
17,11,29
13,10,29
8,10,29
12,12,29
12,9,29
14,6,29
12,2,29
9,8,29
5,4,29
13,3,29
8,3,29
11,11,29
9,5,29
9,13,29
3,11,29
7,7,29
4,8,29
16,11,29
2,10,29
4,5,29
13,11,29
9,10,29
15,4,29
8,11,29
11,6,29
12,7,29
6,8,29
12,15,29
4,10,29
9,3,29
6,5,29
16,6,29
13,6,29
5,12,29
14,4,29
8,6,29
5,9,29
15,14,29
10,8,29
6,10,29
10,5,29
9,11,29
10,13,29
15,12,29
15,9,29
14,14,29
10,10,29
4,11,29
11,4,29
9,6,29
5,7,29
7,8,29
17,14,29
14,12,29
7,5,29
7,13,29
10,3,29
14,9,29
6,11,29
13,4,29
12,8,29
4,6,29
8,4,29
17,12,29
12,5,29
12,13,29
11,14,29
15,7,29
7,10,29
17,9,29
10,11,29
6,6,29
15,15,29
12,10,29
16,14,29
11,12,29
13,14,29
7,3,29
15,5,30
9,2,30
15,13,30
16,15,30
10,4,30
13,15,30
15,16,30
4,9,30
14,8,30
15,10,30
14,5,30
14,13,30
6,12,30
17,8,30
10,14,30
5,11,30
6,9,30
14,16,30
9,7,30
7,4,30
17,13,30
14,10,30
10,12,30
12,4,30
11,8,30
4,7,30
17,10,30
10,9,30
5,6,30
15,11,30
10,2,30
14,3,30
11,5,30
3,8,30
11,13,30
16,8,30
13,8,30
6,7,30
8,8,30
16,5,30
16,13,30
11,10,30
13,5,30
13,13,30
12,14,30
15,6,30
8,5,30
14,11,30
8,13,30
3,10,30
7,12,30
16,16,30
7,9,30
13,16,30
16,10,30
10,7,30
11,3,30
17,11,30
13,10,30
8,10,30
12,12,30
12,9,30
14,6,30
12,2,30
9,8,30
5,4,30
13,3,30
8,3,30
11,11,30
9,5,30
9,13,30
3,11,30
7,7,30
4,8,30
16,11,30
2,10,30
4,5,30
13,11,30
9,10,30
15,4,30
8,11,30
11,6,30
12,7,30
6,8,30
12,15,30
4,10,30
9,3,30
6,5,30
16,6,30
13,6,30
5,12,30
14,4,30
8,6,30
5,9,30
15,14,30
10,8,30
6,10,30
10,5,30
9,11,30
10,13,30
15,12,30
15,9,30
14,14,30
10,10,30
4,11,30
11,4,30
9,6,30
5,7,30
7,8,30
17,14,30
14,12,30
7,5,30
7,13,30
10,3,30
14,9,30
6,11,30
13,4,30
12,8,30
4,6,30
8,4,30
17,12,30
12,5,30
12,13,30
11,14,30
15,7,30
7,10,30
17,9,30
10,11,30
6,6,30
15,15,30
12,10,30
16,14,30
11,12,30
13,14,30
7,3,30
11,9,30
14,7,30
11,2,30
9,4,30
3,9,30
10,6,30
16,12,30
12,3,30
14,15,30
13,12,30
17,7,30
16,9,30
8,12,30
7,11,30
13,9,30
8,9,30
8,2,30
17,15,30
5,8,30
12,11,30
5,5,30
9,14,30
11,7,30
7,6,30
6,4,30
3,7,30
11,15,30
16,7,30
15,8,30
5,10,30
9,12,30
13,7,30
12,6,30
8,7,30
9,9,30
10,5,31
9,11,31
10,13,31
15,12,31
15,9,31
14,14,31
6,3,31
10,10,31
4,11,31
11,4,31
9,6,31
5,7,31
7,8,31
17,14,31
14,12,31
7,5,31
7,13,31
10,3,31
14,9,31
6,11,31
13,4,31
12,8,31
4,6,31
8,4,31
17,12,31
12,5,31
12,13,31
11,14,31
15,7,31
7,10,31
17,9,31
10,11,31
6,6,31
15,15,31
12,10,31
16,14,31
11,12,31
13,14,31
7,3,31
11,9,31
14,7,31
11,2,31
9,4,31
3,9,31
10,6,31
16,12,31
12,3,31
14,15,31
13,12,31
17,7,31
16,9,31
8,12,31
7,11,31
13,9,31
8,9,31
8,2,31
4,4,31
17,15,31
5,8,31
12,11,31
5,5,31
9,14,31
11,7,31
7,6,31
6,4,31
3,7,31
11,15,31
16,7,31
15,8,31
5,10,31
9,12,31
13,7,31
12,6,31
8,7,31
2,9,31
9,9,31
15,5,31
9,2,31
15,13,31
16,15,31
10,4,31
13,15,31
4,12,31
15,16,31
4,9,31
14,8,31
15,10,31
14,5,31
14,13,31
6,12,31
17,8,31
10,14,31
5,11,31
6,9,31
14,16,31
9,7,31
7,4,31
17,13,31
14,10,31
10,12,31
12,4,31
11,8,31
4,7,31
17,10,31
10,9,31
5,6,31
15,11,31
10,2,31
11,5,31
3,8,31
11,13,31
16,8,31
13,8,31
6,7,31
8,8,31
16,13,31
11,10,31
13,5,31
13,13,31
12,14,31
15,6,31
8,5,31
14,11,31
8,13,31
3,10,31
7,12,31
16,16,31
7,9,31
16,10,31
10,7,31
11,3,31
17,11,31
13,10,31
8,10,31
12,12,31
12,9,31
14,6,31
12,2,31
9,8,31
5,4,31
13,3,31
8,3,31
11,11,31
9,5,31
9,13,31
3,11,31
7,7,31
4,8,31
16,11,31
2,10,31
4,5,31
13,11,31
9,10,31
8,11,31
11,6,31
12,7,31
3,6,31
6,8,31
12,15,31
4,10,31
9,3,31
6,5,31
16,6,31
13,6,31
5,12,31
14,4,31
8,6,31
5,9,31
15,14,31
10,8,31
6,10,31
9,8,32
5,4,32
13,3,32
8,3,32
11,11,32
9,5,32
9,13,32
3,11,32
7,7,32
4,8,32
16,11,32
2,10,32
4,5,32
13,11,32
9,10,32
8,11,32
11,6,32
12,7,32
3,6,32
6,8,32
12,15,32
4,10,32
9,3,32
6,5,32
16,6,32
13,6,32
5,12,32
14,4,32
8,6,32
5,9,32
15,14,32
10,8,32
6,10,32
10,5,32
9,11,32
10,13,32
15,12,32
15,9,32
14,14,32
6,3,32
10,10,32
4,11,32
11,4,32
9,6,32
5,7,32
7,8,32
17,14,32
14,12,32
7,5,32
7,13,32
10,3,32
14,9,32
6,11,32
13,4,32
12,8,32
4,6,32
8,4,32
17,12,32
12,5,32
12,13,32
11,14,32
15,7,32
7,10,32
17,9,32
10,11,32
6,6,32
15,15,32
12,10,32
16,14,32
11,12,32
13,14,32
7,3,32
11,9,32
14,7,32
11,2,32
9,4,32
10,1,32
3,9,32
10,6,32
16,12,32
12,3,32
14,15,32
13,12,32
16,9,32
8,12,32
7,11,32
13,9,32
8,9,32
8,2,32
4,4,32
17,15,32
5,8,32
12,11,32
5,5,32
9,14,32
11,7,32
7,6,32
6,4,32
3,7,32
16,7,32
15,8,32
5,10,32
9,12,32
13,7,32
12,6,32
8,7,32
2,9,32
9,9,32
15,5,32
9,2,32
15,13,32
16,15,32
10,4,32
13,15,32
4,12,32
5,3,32
15,16,32
4,9,32
14,8,32
15,10,32
14,5,32
14,13,32
6,12,32
17,8,32
10,14,32
5,11,32
6,9,32
14,16,32
9,7,32
7,4,32
17,13,32
14,10,32
17,16,32
10,12,32
12,4,32
11,8,32
4,7,32
17,10,32
10,9,32
5,6,32
15,11,32
10,2,32
11,5,32
3,8,32
11,13,32
3,5,32
16,8,32
13,8,32
6,7,32
8,8,32
16,13,32
11,10,32
13,5,32
13,13,32
12,14,32
15,6,32
8,5,32
14,11,32
8,13,32
3,10,32
7,12,32
16,16,32
7,9,32
16,10,32
10,7,32
11,3,32
17,11,32
13,10,32
8,10,32
12,12,32
12,9,32
14,6,32
7,7,33
4,8,33
16,11,33
2,10,33
4,5,33
13,11,33
9,10,33
8,11,33
11,6,33
12,7,33
3,6,33
6,8,33
4,10,33
9,3,33
6,5,33
16,6,33
6,13,33
13,6,33
5,12,33
14,4,33
8,6,33
5,9,33
15,14,33
10,8,33
6,10,33
10,5,33
2,11,33
9,11,33
10,13,33
15,12,33
15,9,33
14,14,33
6,3,33
10,10,33
4,11,33
11,4,33
9,6,33
5,7,33
7,8,33
17,14,33
14,12,33
7,5,33
7,13,33
10,3,33
14,9,33
6,11,33
13,4,33
12,8,33
4,6,33
8,4,33
17,12,33
12,5,33
12,13,33
11,14,33
15,7,33
7,10,33
17,9,33
10,11,33
6,6,33
15,15,33
12,10,33
16,14,33
11,12,33
13,14,33
7,3,33
11,9,33
14,7,33
11,2,33
3,12,33
9,4,33
10,1,33
3,9,33
10,6,33
16,12,33
12,3,33
14,15,33
13,12,33
16,9,33
8,12,33
7,11,33
13,9,33
8,9,33
8,2,33
4,4,33
17,15,33
5,8,33
12,11,33
5,5,33
9,14,33
11,7,33
5,13,33
7,6,33
6,4,33
3,7,33
16,7,33
15,8,33
5,10,33
9,12,33
13,7,33
12,6,33
8,7,33
2,9,33
9,9,33
15,5,33
9,2,33
15,13,33
16,15,33
10,4,33
13,15,33
4,12,33
15,16,33
4,9,33
14,8,33
15,10,33
14,5,33
14,13,33
6,12,33
17,8,33
10,14,33
5,11,33
6,9,33
9,7,33
7,4,33
17,13,33
14,10,33
10,12,33
12,4,33
11,8,33
4,7,33
17,10,33
10,9,33
5,6,33
15,11,33
10,2,33
11,5,33
3,8,33
11,13,33
3,5,33
16,8,33
13,8,33
6,7,33
8,8,33
16,13,33
11,10,33
13,5,33
13,13,33
12,14,33
15,6,33
8,5,33
14,11,33
8,13,33
3,10,33
7,12,33
16,16,33
7,9,33
16,10,33
10,7,33
11,3,33
17,11,33
13,10,33
8,10,33
12,12,33
12,9,33
14,6,33
12,2,33
2,8,33
9,8,33
5,4,33
13,3,33
8,3,33
11,11,33
9,5,33
9,13,33
3,11,33
14,14,34
6,3,34
10,10,34
4,11,34
11,4,34
9,6,34
5,7,34
7,8,34
17,14,34
14,12,34
7,5,34
7,13,34
10,3,34
14,9,34
6,11,34
13,4,34
12,8,34
4,6,34
8,4,34
17,12,34
12,5,34
12,13,34
11,14,34
15,7,34
7,10,34
17,9,34
10,11,34
6,6,34
15,15,34
12,10,34
16,14,34
11,12,34
13,14,34
7,3,34
8,14,34
11,9,34
14,7,34
11,2,34
3,12,34
9,4,34
10,1,34
3,9,34
10,6,34
16,12,34
12,3,34
14,15,34
13,12,34
16,9,34
8,12,34
7,11,34
13,9,34
8,9,34
8,2,34
4,4,34
17,15,34
5,8,34
12,11,34
5,5,34
9,14,34
11,7,34
5,13,34
7,6,34
6,4,34
3,7,34
16,7,34
15,8,34
5,10,34
9,12,34
13,7,34
12,6,34
8,7,34
2,9,34
9,9,34
15,5,34
9,2,34
15,13,34
16,15,34
10,4,34
13,15,34
4,12,34
5,3,34
15,16,34
4,9,34
14,8,34
15,10,34
14,5,34
14,13,34
6,12,34
17,8,34
10,14,34
5,11,34
6,9,34
9,7,34
7,4,34
17,13,34
14,10,34
17,16,34
10,12,34
12,4,34
11,8,34
4,7,34
17,10,34
10,9,34
5,6,34
15,11,34
10,2,34
11,5,34
3,8,34
11,13,34
7,14,34
3,5,34
16,8,34
13,8,34
6,7,34
8,8,34
16,13,34
11,10,34
13,5,34
13,13,34
12,14,34
15,6,34
8,5,34
14,11,34
8,13,34
3,10,34
7,12,34
16,16,34
7,9,34
16,10,34
10,7,34
11,3,34
17,11,34
13,10,34
8,10,34
12,12,34
12,9,34
14,6,34
12,2,34
9,8,34
5,4,34
13,3,34
8,3,34
11,11,34
9,5,34
9,13,34
3,11,34
7,7,34
4,8,34
16,11,34
2,10,34
4,5,34
13,11,34
9,10,34
8,11,34
11,6,34
12,7,34
3,6,34
6,8,34
4,10,34
9,3,34
6,5,34
16,6,34
6,13,34
13,6,34
5,12,34
14,4,34
8,6,34
5,9,34
15,14,34
10,8,34
6,10,34
10,5,34
2,11,34
9,11,34
10,13,34
15,12,34
15,9,34
16,8,35
13,8,35
6,7,35
8,8,35
16,13,35
11,10,35
13,5,35
13,13,35
12,14,35
15,6,35
8,5,35
14,11,35
8,13,35
3,10,35
7,12,35
16,16,35
7,9,35
7,2,35
16,10,35
10,7,35
11,3,35
17,11,35
13,10,35
8,10,35
12,12,35
12,9,35
14,6,35
12,2,35
2,8,35
9,8,35
5,4,35
13,3,35
8,3,35
11,11,35
9,5,35
9,13,35
3,11,35
7,7,35
4,8,35
16,11,35
2,10,35
4,5,35
13,11,35
9,10,35
4,13,35
8,11,35
11,6,35
12,7,35
3,6,35
6,8,35
4,10,35
9,3,35
6,5,35
16,6,35
6,13,35
13,6,35
5,12,35
14,4,35
8,6,35
5,9,35
15,14,35
10,8,35
6,10,35
10,5,35
2,11,35
9,11,35
10,13,35
15,12,35
15,9,35
14,14,35
6,3,35
10,10,35
4,11,35
11,4,35
9,6,35
5,7,35
7,8,35
17,14,35
14,12,35
7,5,35
7,13,35
10,3,35
14,9,35
6,11,35
13,4,35
12,8,35
4,6,35
8,4,35
17,12,35
12,5,35
12,13,35
11,14,35
15,7,35
7,10,35
17,9,35
10,11,35
6,6,35
15,15,35
12,10,35
16,14,35
11,12,35
13,14,35
7,3,35
8,14,35
11,9,35
14,7,35
11,2,35
3,12,35
9,4,35
10,1,35
3,9,35
10,6,35
16,12,35
12,3,35
14,15,35
13,12,35
16,9,35
8,12,35
7,11,35
13,9,35
13,2,35
8,9,35
8,2,35
4,4,35
17,15,35
5,8,35
12,11,35
5,5,35
9,14,35
11,7,35
5,13,35
7,6,35
6,4,35
3,7,35
16,7,35
15,8,35
5,10,35
9,12,35
13,7,35
12,6,35
8,7,35
2,9,35
9,9,35
15,5,35
9,2,35
15,13,35
16,15,35
10,4,35
13,15,35
4,12,35
5,3,35
15,16,35
4,9,35
14,8,35
15,10,35
14,5,35
14,13,35
6,12,35
17,8,35
10,14,35
5,11,35
6,9,35
9,7,35
7,4,35
17,13,35
14,10,35
17,16,35
10,12,35
12,4,35
11,8,35
4,7,35
17,10,35
10,9,35
5,6,35
15,11,35
10,2,35
11,5,35
3,8,35
11,13,35
7,14,35
3,5,35
13,12,36
16,9,36
8,12,36
7,11,36
13,9,36
13,2,36
8,9,36
8,2,36
4,4,36
17,15,36
5,8,36
12,11,36
5,5,36
9,14,36
11,7,36
5,13,36
7,6,36
6,4,36
3,7,36
16,7,36
15,8,36
5,10,36
9,12,36
13,7,36
12,6,36
8,7,36
2,9,36
9,9,36
15,5,36
9,2,36
15,13,36
16,15,36
10,4,36
4,12,36
5,3,36
6,14,36
4,9,36
14,8,36
15,10,36
14,5,36
14,13,36
6,12,36
17,8,36
10,14,36
5,11,36
6,9,36
9,7,36
7,4,36
17,13,36
14,10,36
10,12,36
12,4,36
11,8,36
4,7,36
17,10,36
10,9,36
5,6,36
15,11,36
10,2,36
14,3,36
11,5,36
3,8,36
11,13,36
7,14,36
3,5,36
16,8,36
13,8,36
6,7,36
8,8,36
16,13,36
11,10,36
13,5,36
13,13,36
12,14,36
15,6,36
8,5,36
14,11,36
8,13,36
3,10,36
7,12,36
16,16,36
7,9,36
16,10,36
10,7,36
11,3,36
17,11,36
13,10,36
8,10,36
12,12,36
12,9,36
14,6,36
12,2,36
2,8,36
9,8,36
5,4,36
13,3,36
8,3,36
11,11,36
9,5,36
9,13,36
3,11,36
7,7,36
4,8,36
16,11,36
2,10,36
4,5,36
13,11,36
9,10,36
4,13,36
8,11,36
11,6,36
12,7,36
3,6,36
6,8,36
4,10,36
9,3,36
6,5,36
16,6,36
6,13,36
13,6,36
5,12,36
14,4,36
8,6,36
5,9,36
15,14,36
10,8,36
4,3,36
6,10,36
10,5,36
9,11,36
10,13,36
15,12,36
15,9,36
14,14,36
6,3,36
10,10,36
4,11,36
11,4,36
9,6,36
5,7,36
7,8,36
17,14,36
3,4,36
14,12,36
7,5,36
7,13,36
10,3,36
14,9,36
6,11,36
13,4,36
12,8,36
4,6,36
8,4,36
17,12,36
12,5,36
12,13,36
11,14,36
15,7,36
7,10,36
17,9,36
10,11,36
6,6,36
15,15,36
12,10,36
16,14,36
11,12,36
13,14,36
7,3,36
8,14,36
11,9,36
14,7,36
11,2,36
3,12,36
9,4,36
3,9,36
10,6,36
16,12,36
12,3,36
14,15,36
11,6,37
12,7,37
3,6,37
6,8,37
4,10,37
9,3,37
6,5,37
16,6,37
6,13,37
13,6,37
5,12,37
14,4,37
8,6,37
5,9,37
15,14,37
10,8,37
6,10,37
10,5,37
9,11,37
10,13,37
15,12,37
15,9,37
14,14,37
6,3,37
10,10,37
4,11,37
11,4,37
9,6,37
5,7,37
7,8,37
17,14,37
3,4,37
14,12,37
7,5,37
7,13,37
10,3,37
14,9,37
6,11,37
13,4,37
12,8,37
4,6,37
8,4,37
17,12,37
12,5,37
12,13,37
11,14,37
15,7,37
7,10,37
17,9,37
10,11,37
6,6,37
15,15,37
12,10,37
16,14,37
11,12,37
13,14,37
7,3,37
8,14,37
11,9,37
14,7,37
11,2,37
3,12,37
9,4,37
3,9,37
10,6,37
16,12,37
12,3,37
14,15,37
13,12,37
16,9,37
8,12,37
7,11,37
13,9,37
13,2,37
8,9,37
8,2,37
4,4,37
17,15,37
5,8,37
12,11,37
5,5,37
9,14,37
11,7,37
5,13,37
7,6,37
6,4,37
3,7,37
16,7,37
15,8,37
5,10,37
9,12,37
13,7,37
12,6,37
8,7,37
2,9,37
9,9,37
15,5,37
9,2,37
15,13,37
16,15,37
10,4,37
13,15,37
4,12,37
5,3,37
6,14,37
4,9,37
14,8,37
15,10,37
14,5,37
14,13,37
6,12,37
17,8,37
10,14,37
5,11,37
6,9,37
9,7,37
7,4,37
17,13,37
14,10,37
17,16,37
10,12,37
12,4,37
11,8,37
4,7,37
17,10,37
10,9,37
5,6,37
15,11,37
10,2,37
14,3,37
11,5,37
3,8,37
11,13,37
7,14,37
3,5,37
16,8,37
13,8,37
6,7,37
8,8,37
16,13,37
11,10,37
13,5,37
13,13,37
12,14,37
15,6,37
8,5,37
14,11,37
8,13,37
3,10,37
7,12,37
7,9,37
16,10,37
10,7,37
11,3,37
17,11,37
13,10,37
8,10,37
12,12,37
12,9,37
14,6,37
12,2,37
2,8,37
9,8,37
5,4,37
13,3,37
8,3,37
11,11,37
9,5,37
9,13,37
3,11,37
7,7,37
4,8,37
16,11,37
2,10,37
4,5,37
13,11,37
9,10,37
15,4,37
4,13,37
8,11,37
11,1,37
8,11,38
11,6,38
12,7,38
3,6,38
6,8,38
4,10,38
9,3,38
6,5,38
16,6,38
6,13,38
13,6,38
5,12,38
14,4,38
8,6,38
5,9,38
15,14,38
10,8,38
4,3,38
6,10,38
10,5,38
9,11,38
10,13,38
15,12,38
15,9,38
14,14,38
6,3,38
10,10,38
4,11,38
11,4,38
9,6,38
5,7,38
7,8,38
17,14,38
14,12,38
7,5,38
7,13,38
10,3,38
14,9,38
6,11,38
13,4,38
12,8,38
4,6,38
8,4,38
12,5,38
12,13,38
11,14,38
15,7,38
7,10,38
10,11,38
6,6,38
15,15,38
12,10,38
16,14,38
11,12,38
13,14,38
7,3,38
8,14,38
11,9,38
14,7,38
11,2,38
3,12,38
9,4,38
3,9,38
10,6,38
16,12,38
12,3,38
14,15,38
13,12,38
16,9,38
8,12,38
7,11,38
13,9,38
13,2,38
8,9,38
8,2,38
4,4,38
17,15,38
5,8,38
12,11,38
5,5,38
9,14,38
11,7,38
5,13,38
7,6,38
6,4,38
3,7,38
16,7,38
15,8,38
5,10,38
9,12,38
13,7,38
12,6,38
8,7,38
2,9,38
9,9,38
15,5,38
9,2,38
15,13,38
16,15,38
10,4,38
4,12,38
5,3,38
4,9,38
14,8,38
15,10,38
14,5,38
14,13,38
6,12,38
17,8,38
10,14,38
5,11,38
6,9,38
9,7,38
7,4,38
17,13,38
14,10,38
10,12,38
12,4,38
11,8,38
4,7,38
10,9,38
5,6,38
15,11,38
10,2,38
14,3,38
11,5,38
3,8,38
11,13,38
7,14,38
3,5,38
16,8,38
13,8,38
6,7,38
8,8,38
16,13,38
11,10,38
13,5,38
13,13,38
12,14,38
15,6,38
8,5,38
14,11,38
8,13,38
3,10,38
7,12,38
7,9,38
16,10,38
10,7,38
11,3,38
13,10,38
8,10,38
12,12,38
12,9,38
14,6,38
12,2,38
2,8,38
9,8,38
5,4,38
13,3,38
8,3,38
11,11,38
9,5,38
9,13,38
3,11,38
7,7,38
4,8,38
16,11,38
2,10,38
4,5,38
13,11,38
9,10,38
10,12,39
12,4,39
11,8,39
4,7,39
10,9,39
5,6,39
15,11,39
10,2,39
14,3,39
11,5,39
3,8,39
11,13,39
7,14,39
3,5,39
16,8,39
13,8,39
6,7,39
8,8,39
16,13,39
11,10,39
13,5,39
13,13,39
12,14,39
15,6,39
8,5,39
14,11,39
8,13,39
3,10,39
7,12,39
7,9,39
16,10,39
10,7,39
11,3,39
13,10,39
8,10,39
12,12,39
12,9,39
14,6,39
12,2,39
2,8,39
9,8,39
5,4,39
13,3,39
8,3,39
11,11,39
9,5,39
9,13,39
3,11,39
7,7,39
4,8,39
16,11,39
2,10,39
4,5,39
13,11,39
9,10,39
8,11,39
11,6,39
12,7,39
3,6,39
6,8,39
4,10,39
9,3,39
6,5,39
16,6,39
6,13,39
13,6,39
5,12,39
14,4,39
8,6,39
5,9,39
15,14,39
10,8,39
4,3,39
6,10,39
10,5,39
9,11,39
10,13,39
15,12,39
15,9,39
14,14,39
6,3,39
10,10,39
4,11,39
11,4,39
9,6,39
5,7,39
7,8,39
17,14,39
3,4,39
14,12,39
7,5,39
7,13,39
10,3,39
14,9,39
6,11,39
13,4,39
12,8,39
4,6,39
8,4,39
17,12,39
12,5,39
12,13,39
11,14,39
15,7,39
7,10,39
10,11,39
6,6,39
15,15,39
12,10,39
16,14,39
11,12,39
13,14,39
7,3,39
8,14,39
11,9,39
14,7,39
11,2,39
3,12,39
9,4,39
3,9,39
10,6,39
16,12,39
12,3,39
13,12,39
16,9,39
8,12,39
7,11,39
13,9,39
13,2,39
8,9,39
8,2,39
4,4,39
17,15,39
5,8,39
12,11,39
5,5,39
9,14,39
11,7,39
5,13,39
7,6,39
6,4,39
3,7,39
16,7,39
15,8,39
5,10,39
9,12,39
13,7,39
12,6,39
8,7,39
2,9,39
9,9,39
15,5,39
9,2,39
15,13,39
16,15,39
10,4,39
4,12,39
5,3,39
4,9,39
14,8,39
15,10,39
14,5,39
14,13,39
6,12,39
10,14,39
5,11,39
6,9,39
9,7,39
7,4,39
17,13,39
14,10,39
7,9,40
16,10,40
10,7,40
11,3,40
13,10,40
8,10,40
12,12,40
12,9,40
14,6,40
12,2,40
2,8,40
9,8,40
5,4,40
13,3,40
8,3,40
11,11,40
9,5,40
9,13,40
3,11,40
7,7,40
4,8,40
16,11,40
2,10,40
4,5,40
9,10,40
13,11,40
8,11,40
11,6,40
12,7,40
3,6,40
6,8,40
4,10,40
9,3,40
6,5,40
16,6,40
6,13,40
13,6,40
5,12,40
14,4,40
8,6,40
5,9,40
15,14,40
10,8,40
4,3,40
6,10,40
10,5,40
2,11,40
9,11,40
10,13,40
15,12,40
15,9,40
14,14,40
6,3,40
10,10,40
4,11,40
11,4,40
9,6,40
5,7,40
7,8,40
17,14,40
14,12,40
7,5,40
7,13,40
10,3,40
14,9,40
6,11,40
13,4,40
12,8,40
4,6,40
8,4,40
17,12,40
12,5,40
12,13,40
11,14,40
15,7,40
7,10,40
10,11,40
6,6,40
12,10,40
16,14,40
11,12,40
13,14,40
7,3,40
8,14,40
11,9,40
14,7,40
11,2,40
3,12,40
9,4,40
3,9,40
10,6,40
16,12,40
12,3,40
13,12,40
16,9,40
8,12,40
7,11,40
13,9,40
13,2,40
8,9,40
8,2,40
4,4,40
5,8,40
12,11,40
5,5,40
9,14,40
11,7,40
5,13,40
7,6,40
6,4,40
3,7,40
16,7,40
15,8,40
5,10,40
9,12,40
13,7,40
12,6,40
8,7,40
2,9,40
9,9,40
15,5,40
9,2,40
15,13,40
10,4,40
4,12,40
5,3,40
6,14,40
4,9,40
14,8,40
15,10,40
14,5,40
14,13,40
6,12,40
10,14,40
5,11,40
2,7,40
6,9,40
9,7,40
7,4,40
17,13,40
14,10,40
10,12,40
12,4,40
11,8,40
4,7,40
10,9,40
5,6,40
15,11,40
10,2,40
14,3,40
11,5,40
3,8,40
11,13,40
7,14,40
3,5,40
16,8,40
13,8,40
6,7,40
8,8,40
16,13,40
11,10,40
13,5,40
13,13,40
12,14,40
15,6,40
8,5,40
14,11,40
8,13,40
3,10,40
7,12,40
8,8,41
16,13,41
11,10,41
13,5,41
13,13,41
12,14,41
15,6,41
8,5,41
14,11,41
8,13,41
3,10,41
7,12,41
7,9,41
16,10,41
10,7,41
11,3,41
13,10,41
8,10,41
12,12,41
12,9,41
14,6,41
12,2,41
2,8,41
9,8,41
5,4,41
13,3,41
8,3,41
11,11,41
9,5,41
9,13,41
3,11,41
7,7,41
4,8,41
16,11,41
2,10,41
4,5,41
13,11,41
9,10,41
8,11,41
11,6,41
12,7,41
3,6,41
6,8,41
4,10,41
9,3,41
6,5,41
16,6,41
6,13,41
13,6,41
5,12,41
14,4,41
8,6,41
5,9,41
15,14,41
10,8,41
4,3,41
6,10,41
10,5,41
2,11,41
9,11,41
10,13,41
15,12,41
15,9,41
14,14,41
6,3,41
10,10,41
4,11,41
11,4,41
9,6,41
5,7,41
7,8,41
17,14,41
14,12,41
7,5,41
7,13,41
10,3,41
14,9,41
6,11,41
13,4,41
12,8,41
4,6,41
8,4,41
17,12,41
12,5,41
12,13,41
11,14,41
15,7,41
7,10,41
10,11,41
6,6,41
12,10,41
16,14,41
11,12,41
13,14,41
7,3,41
8,14,41
11,9,41
14,7,41
11,2,41
3,12,41
9,4,41
3,9,41
10,6,41
16,12,41
12,3,41
13,12,41
16,9,41
8,12,41
7,11,41
13,9,41
13,2,41
8,9,41
4,4,41
5,8,41
12,11,41
5,5,41
9,14,41
11,7,41
5,13,41
7,6,41
6,4,41
3,7,41
16,7,41
15,8,41
5,10,41
9,12,41
13,7,41
12,6,41
8,7,41
2,9,41
9,9,41
15,5,41
9,2,41
15,13,41
10,4,41
4,12,41
5,3,41
6,14,41
4,9,41
14,8,41
15,10,41
14,5,41
14,13,41
6,12,41
10,14,41
5,11,41
2,7,41
6,9,41
9,7,41
7,4,41
17,13,41
14,10,41
10,12,41
12,4,41
11,8,41
4,7,41
10,9,41
5,6,41
15,11,41
10,2,41
14,3,41
11,5,41
3,8,41
11,13,41
7,14,41
3,5,41
16,8,41
13,8,41
6,7,41
13,7,42
12,6,42
8,7,42
2,9,42
9,9,42
15,5,42
9,2,42
15,13,42
10,4,42
4,12,42
5,3,42
6,14,42
4,9,42
14,8,42
15,10,42
14,5,42
14,13,42
6,12,42
10,14,42
5,11,42
2,7,42
6,9,42
9,7,42
6,2,42
7,4,42
17,13,42
14,10,42
10,12,42
12,4,42
11,8,42
4,7,42
10,9,42
5,6,42
15,11,42
10,2,42
14,3,42
11,5,42
3,8,42
11,13,42
7,14,42
3,5,42
16,8,42
13,8,42
6,7,42
8,8,42
16,13,42
11,10,42
13,5,42
13,13,42
12,14,42
15,6,42
8,5,42
14,11,42
8,13,42
3,10,42
7,12,42
7,9,42
7,2,42
16,10,42
10,7,42
11,3,42
17,11,42
13,10,42
8,10,42
12,12,42
12,9,42
14,6,42
12,2,42
2,8,42
9,8,42
5,4,42
13,3,42
8,3,42
11,11,42
9,5,42
9,13,42
3,11,42
7,7,42
4,8,42
16,11,42
2,10,42
4,5,42
13,11,42
9,10,42
15,4,42
8,11,42
11,6,42
12,7,42
3,6,42
6,8,42
4,10,42
9,3,42
6,5,42
16,6,42
6,13,42
13,6,42
5,12,42
14,4,42
8,6,42
5,9,42
15,14,42
10,8,42
6,10,42
10,5,42
9,11,42
10,13,42
15,12,42
15,9,42
14,14,42
6,3,42
10,10,42
4,11,42
11,4,42
9,6,42
5,7,42
7,8,42
17,14,42
14,12,42
7,5,42
7,13,42
10,3,42
14,9,42
6,11,42
13,4,42
12,8,42
4,6,42
8,4,42
17,12,42
12,5,42
12,13,42
11,14,42
15,7,42
7,10,42
10,11,42
6,6,42
12,10,42
16,14,42
11,12,42
13,14,42
7,3,42
8,14,42
11,9,42
14,7,42
18,13,42
11,2,42
3,12,42
9,4,42
3,9,42
10,6,42
16,12,42
12,3,42
13,12,42
16,9,42
8,12,42
7,11,42
13,9,42
13,2,42
8,9,42
8,2,42
4,4,42
5,8,42
12,11,42
5,5,42
9,14,42
11,7,42
5,13,42
7,6,42
6,4,42
3,7,42
16,7,42
15,8,42
5,10,42
9,12,42
10,12,43
12,4,43
11,8,43
4,7,43
10,9,43
5,6,43
15,11,43
10,2,43
14,3,43
11,5,43
3,8,43
11,13,43
7,14,43
16,8,43
13,8,43
6,7,43
8,8,43
16,13,43
11,10,43
13,5,43
13,13,43
12,14,43
15,6,43
8,5,43
14,11,43
8,13,43
3,10,43
7,12,43
7,9,43
16,10,43
10,7,43
11,3,43
17,11,43
13,10,43
8,10,43
12,12,43
12,9,43
14,6,43
12,2,43
9,8,43
5,4,43
13,3,43
8,3,43
11,11,43
9,5,43
9,13,43
7,7,43
4,8,43
16,11,43
4,5,43
13,11,43
9,10,43
15,4,43
4,13,43
8,11,43
11,6,43
12,7,43
6,8,43
4,10,43
9,3,43
6,5,43
16,6,43
6,13,43
13,6,43
5,12,43
14,4,43
8,6,43
5,9,43
15,14,43
10,8,43
6,10,43
10,5,43
9,11,43
10,13,43
15,12,43
15,9,43
14,14,43
6,3,43
10,10,43
4,11,43
11,4,43
9,6,43
5,7,43
7,8,43
17,14,43
14,12,43
7,5,43
7,13,43
10,3,43
14,9,43
6,11,43
13,4,43
12,8,43
4,6,43
8,4,43
17,12,43
12,5,43
12,13,43
11,14,43
15,7,43
7,10,43
10,11,43
6,6,43
12,10,43
16,14,43
11,12,43
13,14,43
7,3,43
8,14,43
11,9,43
14,7,43
11,2,43
9,4,43
3,9,43
10,6,43
16,12,43
12,3,43
13,12,43
16,9,43
8,12,43
7,11,43
13,9,43
13,2,43
8,9,43
5,8,43
12,11,43
5,5,43
9,14,43
11,7,43
5,13,43
7,6,43
6,4,43
3,7,43
16,7,43
15,8,43
5,10,43
9,12,43
13,7,43
12,6,43
8,7,43
9,9,43
15,5,43
9,2,43
15,13,43
10,4,43
4,12,43
6,14,43
4,9,43
14,8,43
15,10,43
14,5,43
14,13,43
6,12,43
10,14,43
5,11,43
6,9,43
9,7,43
7,4,43
17,13,43
14,10,43
9,4,44
10,6,44
16,12,44
12,3,44
13,12,44
16,9,44
8,12,44
7,11,44
13,9,44
8,9,44
5,8,44
12,11,44
5,5,44
9,14,44
11,7,44
5,13,44
7,6,44
16,7,44
15,8,44
5,10,44
9,12,44
13,7,44
12,6,44
8,7,44
9,9,44
15,5,44
15,13,44
10,4,44
4,12,44
6,14,44
4,9,44
14,8,44
15,10,44
14,5,44
14,13,44
6,12,44
10,14,44
5,11,44
6,9,44
9,7,44
7,4,44
17,13,44
14,10,44
10,12,44
12,4,44
11,8,44
4,7,44
10,9,44
5,6,44
15,11,44
11,5,44
11,13,44
7,14,44
16,8,44
13,8,44
6,7,44
8,8,44
16,13,44
11,10,44
13,5,44
13,13,44
12,14,44
15,6,44
8,5,44
14,11,44
8,13,44
7,12,44
7,9,44
16,10,44
10,7,44
11,3,44
17,11,44
13,10,44
8,10,44
12,12,44
12,9,44
14,6,44
9,8,44
13,3,44
11,11,44
9,5,44
9,13,44
7,7,44
4,8,44
16,11,44
13,11,44
9,10,44
15,4,44
4,13,44
8,11,44
11,6,44
12,7,44
6,8,44
4,10,44
6,5,44
16,6,44
6,13,44
13,6,44
5,12,44
14,4,44
8,6,44
5,9,44
15,14,44
10,8,44
6,10,44
10,5,44
9,11,44
10,13,44
15,12,44
15,9,44
14,14,44
10,10,44
4,11,44
11,4,44
9,6,44
5,7,44
7,8,44
14,12,44
7,5,44
7,13,44
10,3,44
14,9,44
6,11,44
13,4,44
12,8,44
4,6,44
8,4,44
17,12,44
12,5,44
12,13,44
11,14,44
15,7,44
7,10,44
10,11,44
6,6,44
12,10,44
11,12,44
13,14,44
8,14,44
11,9,44
14,7,44
14,10,45
10,12,45
12,4,45
11,8,45
10,9,45
5,6,45
15,11,45
11,5,45
11,13,45
7,14,45
16,8,45
13,8,45
6,7,45
8,8,45
11,10,45
16,13,45
13,5,45
13,13,45
12,14,45
15,6,45
8,5,45
14,11,45
8,13,45
7,12,45
7,9,45
16,10,45
10,7,45
17,11,45
13,10,45
8,10,45
12,12,45
12,9,45
14,6,45
9,8,45
11,11,45
9,5,45
9,13,45
7,7,45
16,11,45
13,11,45
9,10,45
8,11,45
11,6,45
12,7,45
6,8,45
6,5,45
6,13,45
13,6,45
5,12,45
8,6,45
5,9,45
15,14,45
10,8,45
6,10,45
10,5,45
9,11,45
10,13,45
15,12,45
15,9,45
14,14,45
10,10,45
11,4,45
9,6,45
5,7,45
7,8,45
14,12,45
7,5,45
7,13,45
14,9,45
6,11,45
13,4,45
12,8,45
8,4,45
17,12,45
12,5,45
12,13,45
11,14,45
15,7,45
7,10,45
10,11,45
6,6,45
12,10,45
11,12,45
13,14,45
8,14,45
11,9,45
14,7,45
9,4,45
10,6,45
16,12,45
13,12,45
16,9,45
8,12,45
7,11,45
13,9,45
8,9,45
5,8,45
12,11,45
9,14,45
11,7,45
5,13,45
7,6,45
16,7,45
15,8,45
5,10,45
9,12,45
13,7,45
12,6,45
8,7,45
9,9,45
15,13,45
10,4,45
6,14,45
14,8,45
15,10,45
14,5,45
14,13,45
6,12,45
10,14,45
5,11,45
6,9,45
9,7,45
17,13,45
8,10,46
12,12,46
12,9,46
14,6,46
9,8,46
11,11,46
9,13,46
7,7,46
16,11,46
13,11,46
9,10,46
8,11,46
11,6,46
12,7,46
6,8,46
13,6,46
8,6,46
15,14,46
10,8,46
6,10,46
10,5,46
9,11,46
10,13,46
15,12,46
15,9,46
14,14,46
10,10,46
9,6,46
7,8,46
14,12,46
7,13,46
14,9,46
6,11,46
12,8,46
17,12,46
12,5,46
12,13,46
11,14,46
15,7,46
7,10,46
10,11,46
6,6,46
12,10,46
11,12,46
13,14,46
8,14,46
11,9,46
14,7,46
10,6,46
16,12,46
13,12,46
16,9,46
8,12,46
7,11,46
13,9,46
8,9,46
12,11,46
9,14,46
11,7,46
7,6,46
15,8,46
9,12,46
13,7,46
12,6,46
8,7,46
9,9,46
15,13,46
14,8,46
15,10,46
14,13,46
10,14,46
6,9,46
9,7,46
17,13,46
14,10,46
10,12,46
11,8,46
10,9,46
15,11,46
11,5,46
11,13,46
16,8,46
13,8,46
6,7,46
8,8,46
16,13,46
11,10,46
13,5,46
13,13,46
12,14,46
14,11,46
8,13,46
7,12,46
7,9,46
16,10,46
10,7,46
17,11,46
13,10,46
